X,Y,Stock,X1,Y1
-2.6821246225,0.0050682557,A,-0.0658,1.0148222951
-2.6704544675,0.0049850166,AAL,-0.1409,1.0659591428
-2.6587843124,0.0049017364,AAP,-0.1061,1.0481748042
-2.6471141573,0.0048183317,AAPL,-0.0102,0.9479374735
-2.6354440022,0.0047347187,AAPL,-0.0044,0.9396305387
-2.6237738472,0.004650797,ABBV,-0.6103,0.592630044
-2.6121036921,0.004566398,ABC,-0.1224,1.0577773055
-2.600433537,0.0044813364,ABMD,-0.3683,0.9521021999
-2.5887633819,0.0043954267,ABT,-0.0169,0.9570803764
-2.5770932268,0.004308479,ACIA,0.1674,0.638937069
-2.5654230718,0.0042202845,ACIW,-0.7194,0.4360342793
-2.5537529167,0.0041306298,ACN,-0.0971,1.0418605329
-2.5420827616,0.0040393016,ACN,-0.0413,0.9881019417
-2.5304126065,0.0039461113,ADBE,0.0729,0.8136423279
-2.5187424514,0.0038509693,ADBE,0.1712,0.6318803164
-2.5070722964,0.0037538109,ADI,-0.0332,0.978366733
-2.5018,0.0037089768,NA,NA,NA
-2.4954021413,0.0036545712,ADI,-0.0141,0.9532594617
-2.4837319862,0.0035531854,ADM,0,0.9332981268
-2.4720618311,0.0034496223,ADP,-0.7181,0.4377757615
-2.4603916761,0.0033439847,ADP,-0.3057,1.0178527475
-2.448721521,0.0032364093,ADS,-0.1929,1.0734094586
-2.4370513659,0.0031270324,ADS,-0.0821,1.0299293804
-2.4253812108,0.0030160019,ADSK,-0.0038,0.938767028
-2.4137110557,0.0029035114,ADSK,-0.0016,0.935600822
-2.4020409007,0.0027897657,AFL,-0.2208,1.068408344
-2.3903707456,0.0026749699,AIG,-0.2013,1.072512721
-2.3787005905,0.0025593246,AIV,-0.3655,0.9554532335
-2.3670304354,0.0024430125,AIZ,-0.446,0.8467618634
-2.3553602804,0.0023262124,AJG,-0.4721,0.8076084341
-2.3436901253,0.0022091027,AKAM,0.0609,0.834817287
-2.3320199702,0.0020918619,AKAM,0.1431,0.6843012663
-2.3203498151,0.0019746585,ALB,-0.4085,0.9001763634
-2.30867966,0.0018576211,ALGN,-0.2878,1.0325842985
-2.297009505,0.0017408679,ALK,-0.2926,1.0288225189
-2.2853393499,0.0016245174,ALL,-0.5624,0.6667412781
-2.2736691948,0.0015086812,ALLE,-0.6125,0.5892799875
-2.2619990397,0.0013934445,ALRM,1.026,0
-2.2503288846,0.0012788856,ALTR,-0.345,0.9789860732
-2.2386587296,0.0011650829,ALXN,-0.2317,1.064818249
-2.2269885745,0.0010521089,AMAT,-0.9212,0.2130648928
-2.2153184194,0.0009400119,AMAT,-0.3922,0.9219906133
-2.2036482643,0.0008288341,AMD,0.4542,0.2058762313
-2.1919781093,0.0007186177,AMD,1.0669,0
-2.1803079542,0.0006094052,AME,-0.0832,1.0308453388
-2.1686377991,0.0005012353,AMGN,-0.3492,0.974374858
-2.156967644,0.000394133,AMKR,-0.207,1.071683289
-2.1452974889,0.00028812,AMP,-0.0343,0.9796887983
-2.1336273339,0.0001832179,AMT,-0.1844,1.0738218272
-2.1219571788,7.94474911257751E-05,AMZN,0.0778,0.8048485521
-2.1102870237,0,ANET,-0.1546,1.0700892415
-2.0986168686,0,ANET,-0.0658,1.0148222951
-2.0869467135,0,ANSS,-0.5545,0.6791229089
-2.0752765585,0,ANSS,-0.2361,1.0629959473
-2.0636064034,0,ANTM,-0.1577,1.0708268847
-2.0519362483,0,AON,-0.3628,0.9586845872
-2.0402660932,0,AOS,-0.3128,1.0115644842
-2.0285959382,0,APA,-0.5837,0.6335314788
-2.0169257831,0,APD,-0.0114,0.9495750083
-2.005255628,0,APH,-0.8101,0.3243042139
-1.9935854729,0,APH,-0.3449,0.9790943119
-1.9819153178,0,APPF,0.6695,0.0487408133
-1.9702451628,0,APPN,-0.6644,0.5123277729
-1.9585750077,0,APPS,-0.3718,0.9478944857
-1.9469048526,0,APTV,-0.1583,1.0709696544
-1.9352346975,0,ARE,-0.2192,1.0688846294
-1.9235645424,0,ARW,-0.3067,1.0169670766
-1.9118943874,0,ATO,-0.1768,1.0734941749
-1.9002242323,0,AVB,-0.3824,0.9346605288
-1.8885540772,0,AVGO,-0.7896,0.3479269169
-1.8768839221,0,AVGO,-0.3362,0.9884971661
-1.8652137671,0,AVT,-0.8446,0.2867074904
-1.853543612,0,AVY,-0.0593,1.0081780783
-1.8418734569,0,AWK,-0.0049,0.9403501309
-1.8302033018,0,AXP,-0.0261,0.9692570058
-1.8185331467,0,AYX,0.1648,0.6437704337
-1.8169,0,NA,NA,NA
-1.8068629917,0,AZO,-0.3552,0.9675270088
-1.7951928366,0,AZPN,-0.0051,0.9406379678
-1.7835226815,0,BA,-0.3519,0.9712933258
-1.7718525264,0,BAC,-0.0495,0.9975327762
-1.7601823713,0,BAH,-0.3986,0.9135264434
-1.7485122163,0,BAX,-0.0277,0.9713136783
-1.7368420612,0,BB,-0.8803,0.2507033394
-1.7251719061,0,BDX,-0.2453,1.0589956314
-1.713501751,0,BEN,-0.0723,1.0210636106
-1.701831596,0,BIIB,0.3699,0.3065645357
-1.6901614409,0,BK,-0.0974,1.0420811637
-1.6784912858,0,BKI,-1.1244,0.0804990333
-1.6668211307,0,BKNG,-0.0419,0.9888230682
-1.6551509756,0,BKR,-0.0141,0.9532594617
-1.6434808206,0,BL,-0.8906,0.2408676496
-1.6318106655,0,BMY,-0.483,0.7909140899
-1.6201405104,0,BR,-0.1648,1.0721798464
-1.6084703553,0,BR,-0.0702,1.0191142366
-1.5968002003,0,BRKS,-0.0856,1.0328437937
-1.5851300452,0,BSX,-0.149,1.0686874167
-1.5734598901,0,C,-0.2089,1.0713289439
-1.5729,0,NA,NA,NA
-1.561789735,0,CACI,-0.6171,0.5822844669
-1.5614,9.74684244936397E-06,NA,NA,NA
-1.5537,0.0002023153,NA,NA,NA
-1.5501195799,0.0002918577,CAG,-0.0076,0.9442359291
-1.5384494249,0.0007011117,CAH,-0.142,1.0663296491
-1.5267792698,0.0011549766,CAT,-0.316,1.0085294969
-1.5151091147,0.0016569001,CB,-0.3449,0.9790943119
-1.509,0.0019469399,NA,NA,NA
-1.5034389596,0.002210959,CBOE,-0.1425,1.0664980611
-1.4917688045,0.0028213872,CBRE,-0.6973,0.4659638312
-1.4800986495,0.0034924187,CDW,-0.8024,0.3330427679
-1.4684284944,0.0042284133,CDW,-0.3416,0.9826661889
-1.4567583393,0.005034234,CE,-0.3432,0.9809343697
-1.4450881842,0.0059148691,CERN,-0.1365,1.0643248816
-1.4334180292,0.0068753075,CF,-0.0593,1.0081780783
-1.4217478741,0.0079205376,CFG,-0.2018,1.0724399638
-1.417,0.0083823317,NA,NA,NA
-1.410077719,0.009055616,CGNX,-0.6401,0.5478220231
-1.3984075639,0.0102858714,CHD,-0.4547,0.833875983
-1.3867374088,0.0116167002,CLDR,-0.6644,0.5123277729
-1.3750672538,0.0130534991,CLX,0.5472,0.121829094
-1.3633970987,0.014601698,CMA,-0.2491,1.0570991026
-1.3517269436,0.0162668619,CMCSA,-0.0044,0.9396305387
-1.3400567885,0.0180545889,CME,-0.3427,0.9814755632
-1.3283866334,0.0199704774,CMG,-0.0653,1.0143112015
-1.3186,0.021689371,NA,NA,NA
-1.3167164784,0.0220201868,CMI,-0.18,1.0736321337
-1.3050463233,0.0242096204,CMS,-0.1235,1.0583672268
-1.2943,0.0263598896,NA,NA,NA
-1.2933761682,0.0265447424,CNC,-0.1632,1.0719561371
-1.2817060131,0.0290315171,CNP,-0.353,0.9700378868
-1.2700358581,0.0316759088,COF,-0.1338,1.0631469485
-1.258365703,0.0344839403,COG,0.7077,0.0331884311
-1.2466955479,0.0374618686,COHR,-0.3565,0.9660433082
-1.2368,0.0401363787,NA,NA,NA
-1.2350253928,0.040616009,COO,-0.5766,0.6445686596
-1.2317,0.0415667875,NA,NA,NA
-1.2233552377,0.0439526771,COP,-0.2551,1.0540742184
-1.2125,0.0472320146,NA,NA,NA
-1.2116850827,0.0474781989,COST,-0.3574,0.9650161308
-1.2000149276,0.0511989439,COTY,-0.3019,1.0212182969
-1.1883447725,0.0551212919,COUP,0.3079,0.395940549
-1.1766746174,0.059251623,CPB,-0.4009,0.9104440172
-1.1650044623,0.0635962579,CPRI,-0.0451,0.9926312451
-1.1533343073,0.0681612797,CPRT,-0.0147,0.9540782292
-1.1416641522,0.0729527122,CREE,-0.3463,0.9775789702
-1.1299939971,0.0779765791,CRM,-0.7245,0.4292758618
-1.1244,0.0804990333,VMC,-0.1599,1.0713503734
-1.118323842,0.0832389042,CRM,-0.3084,1.0154614361
-1.106653687,0.08874561,CRUS,-0.0064,0.9425089077
-1.1065,0.08882142,NA,NA,NA
-1.1039,0.0901039368,NA,NA,NA
-1.0949835319,0.0945022139,CSCO,-0.1495,1.0688558287
-1.0939,0.0950603989,NA,NA,NA
-1.0833133768,0.1005141322,CSCO,-0.0636,1.0125734833
-1.0716432217,0.106786781,CSOD,-0.805,0.3300773828
-1.0599730666,0.113325479,CSX,-0.1061,1.0481748042
-1.0503,0.1189698291,NA,NA,NA
-1.0483029116,0.1201351541,CTAS,-0.08,1.0281807324
-1.0413,0.1243869406,NA,NA,NA
-1.0366327565,0.1272206367,CTSH,-0.1175,1.0551494739
-1.0249626014,0.1345867572,CTSH,-0.05,0.9980897683
-1.0171,0.1397417836,NA,NA,NA
-1.0132924463,0.1422381634,CTXS,0.5673,0.1071101236
-1.0016222912,0.1501787729,CTXS,1.3327,0
-0.9979,0.1528049303,NA,NA,NA
-0.9915,0.1573202694,NA,NA,NA
-0.9899521362,0.158412321,CVS,-0.0892,1.035841476
-0.9826,0.1637863157,NA,NA,NA
-0.9782819811,0.1669425427,CVX,-0.1164,1.0545595525
-0.9723,0.1714690177,NA,NA,NA
-0.966611826,0.1757731732,CXO,-0.0092,0.9465386243
-0.9596,0.1812615079,NA,NA,NA
-0.9549416709,0.1849077006,CYBR,-0.69,0.4760896952
-0.9535,0.1860739839,NA,NA,NA
-0.9432715159,0.1943486255,D,-0.0348,0.9802897372
-0.9316013608,0.2040982011,DAL,-0.049,0.996975784
-0.9212,0.2130648928,SYNA,-0.184,1.0738045823
-0.9212,0.2130648928,NA,NA,NA
-0.9199312057,0.2141586812,DBX,0.9174,0
-0.9123,0.2209419355,NA,NA,NA
-0.9082610506,0.2245320918,DD,-0.0957,1.0408309229
-0.8965908955,0.2352195498,DE,-0.0593,1.0081780783
-0.8906,0.2408676496,VRNS,-1.3186,0.021689371
-0.8849207405,0.2462219451,DFS,-0.0555,1.0042166821
-0.8803,0.2507033394,USB,-0.1752,1.0734251955
-0.8778,0.2531279477,NA,NA,NA
-0.8732505854,0.2575401672,DG,-0.124,1.0586353729
-0.872,0.2587869539,NA,NA,NA
-0.8633,0.2674605276,NA,NA,NA
-0.8615804303,0.2691748741,DGX,-0.5233,0.7281446615
-0.8612,0.269564457,NA,NA,NA
-0.8499102752,0.2811257971,DHI,-0.5287,0.7196595917
-0.8446,0.2867074904,UA,-0.3427,0.9814755632
-0.8382401202,0.2933924357,DHR,-0.105,1.047474641
-0.8318,0.3003356725,NA,NA,NA
-0.828,0.3044325371,NA,NA,NA
-0.8265699651,0.3059742896,DIOD,-0.1367,1.0644121359
-0.8228,0.3101404393,NA,NA,NA
-0.8165,0.3171025046,NA,NA,NA
-0.81489981,0.3188708582,DIS,-0.0033,0.9380474357
-0.8139,0.320002637,NA,NA,NA
-0.8101,0.3243042139,TSN,-0.2431,1.0600936217
-0.8099,0.3245306127,NA,NA,NA
-0.8075,0.3272473981,NA,NA,NA
-0.805,0.3300773828,NA,NA,NA
-0.8037,0.3315489749,NA,NA,NA
-0.8037,0.3315489749,NA,NA,NA
-0.8032296549,0.3320814027,DISCA,-0.1942,1.0733418602
-0.8024,0.3330427679,WK,-0.3846,0.9318423594
-0.7985,0.3375619047,NA,NA,NA
-0.7915594998,0.3456042303,DISCK,-0.0876,1.0345091727
-0.7896,0.3479269169,TXT,-0.353,0.9700378868
-0.7798893448,0.3594374098,DISH,-0.1028,1.0460525167
-0.7705,0.3708151813,NA,NA,NA
-0.7702,0.3711787137,NA,NA,NA
-0.7692,0.3723904886,NA,NA,NA
-0.7682191897,0.3735790098,DLB,-0.1929,1.0734094586
-0.7681,0.3737265677,NA,NA,NA
-0.7615,0.3818974247,NA,NA,NA
-0.7565490346,0.3880267626,DLR,-0.1594,1.0712313987
-0.7462,0.4011072464,NA,NA,NA
-0.7448788795,0.4027770538,DLTR,-0.2698,1.0452510712
-0.7436,0.4044261924,NA,NA,NA
-0.736,0.4142265316,NA,NA,NA
-0.7332087244,0.4178259326,DOCU,0.7168,0.0299086594
-0.7245,0.4292758618,NA,NA,NA
-0.7215385694,0.4331694482,DOV,-0.5342,0.7110173911
-0.7194,0.4360342793,SAIC,-0.736,0.4142265316
-0.7181,0.4377757615,SLAB,-0.0882,1.0350087864
-0.7098684143,0.4488028078,DOX,-0.9212,0.2130648928
-0.7082,0.4510780892,NA,NA,NA
-0.7006,0.4614425044,NA,NA,NA
-0.6981982592,0.4647178517,DRI,-0.0381,0.9842559333
-0.6973,0.4659638312,WIX,-0.1393,1.0654202245
-0.69,0.4760896952,NA,NA,NA
-0.6887,0.4778929313,NA,NA,NA
-0.6874,0.4796961674,NA,NA,NA
-0.6865281041,0.4809055782,DSGX,-0.9723,0.1714690177
-0.6748579491,0.4973569858,DTE,-0.297,1.0252413596
-0.6669,0.5087489672,NA,NA,NA
-0.6644,0.5123277729,TTEC,-0.8228,0.3101404393
-0.6644,0.5123277729,WU,-0.279,1.0390901168
-0.663187794,0.5140630729,DUK,-0.1637,1.0720260462
-0.6614,0.5166597939,NA,NA,NA
-0.6609,0.5173860299,NA,NA,NA
-0.6555,0.5252293796,NA,NA,NA
-0.6555,0.5252293796,NA,NA,NA
-0.6515176389,0.5310136483,DVA,-0.0631,1.0120623897
-0.6414,0.5459082398,NA,NA,NA
-0.6401,0.5478220231,WRK,-0.0941,1.0396542257
-0.6398474838,0.5481937626,DVN,-0.3492,0.974374858
-0.6337,0.5573561384,NA,NA,NA
-0.6281773287,0.5655872767,DXC,-0.8075,0.3272473981
-0.6171,0.5822844669,VSH,-1.2943,0.0263598896
-0.6165071737,0.5831780518,DXC,-0.3438,0.9802849376
-0.6125,0.5892799875,SWKS,-0.0716,1.0204138193
-0.6103,0.592630044,ROST,-0.1278,1.0605293194
-0.6048370186,0.6009488152,EA,-0.0283,0.9720849305
-0.5935,0.6183659598,NA,NA,NA
-0.5931668635,0.6188777598,EBAY,-0.2687,1.0459791216
-0.5907,0.6226962076,NA,NA,NA
-0.5858,0.6302808974,NA,NA,NA
-0.5837,0.6335314788,TSCO,-0.4003,0.9112481284
-0.5814967084,0.6369419447,ECL,-0.2377,1.0623332921
-0.5788,0.6411421185,NA,NA,NA
-0.5766,0.6445686596,NA,NA,NA
-0.575,0.6470606895,NA,NA,NA
-0.5711,0.6531350123,NA,NA,NA
-0.5698265533,0.6551184293,ED,-0.0141,0.9532594617
-0.5624,0.6667412781,STE,-0.3753,0.9435247829
-0.5624,0.6667412781,NA,NA,NA
-0.5586,0.6726884279,NA,NA,NA
-0.5581563983,0.6733826821,EEFT,-0.8037,0.3315489749
-0.5545,0.6791229089,TJX,-0.3634,0.9579665086
-0.5483,0.688856369,NA,NA,NA
-0.5464862432,0.6917038092,EFX,-0.2154,1.0697864154
-0.544,0.6956121906,NA,NA,NA
-0.5429,0.6973413937,NA,NA,NA
-0.5348160881,0.7100493261,EIX,-0.2214,1.0682122032
-0.5342,0.7110173911,NA,NA,NA
-0.5287,0.7196595917,NA,NA,NA
-0.5277,0.721230901,NA,NA,NA
-0.5251,0.7253163049,NA,NA,NA
-0.5233,0.7281446615,NA,NA,NA
-0.523145933,0.7283867483,EL,-0.3601,0.961915941
-0.5149,0.7413149863,NA,NA,NA
-0.5129,0.7444506504,NA,NA,NA
-0.511475778,0.7466835913,EMN,-0.2943,1.0274388892
-0.5059,0.7553898734,NA,NA,NA
-0.4998056229,0.7649059206,EMR,-0.2693,1.0455820032
-0.4961,0.7706557774,NA,NA,NA
-0.4955,0.7715867717,NA,NA,NA
-0.4928,0.7757762465,NA,NA,NA
-0.4881354678,0.7830140019,ENPH,2.0124,0.0029927229
-0.4874,0.7841454004,NA,NA,NA
-0.483,0.7909140899,VRNT,-1.509,0.0019469399
-0.4776,0.799221118,NA,NA,NA
-0.4764653127,0.8009666512,ENTG,-0.2313,1.0649758801
-0.474,0.8047176017,NA,NA,NA
-0.4721,0.8076084341,SPGI,-0.1001,1.0440668402
-0.4721,0.8076084341,NA,NA,NA
-0.4716,0.8083691795,NA,NA,NA
-0.4715,0.8085213285,NA,NA,NA
-0.4678,0.8141508443,NA,NA,NA
-0.4647951576,0.8187226842,ENV,-0.3143,1.010152191
-0.4625,0.822167822,NA,NA,NA
-0.4618,0.8232185544,NA,NA,NA
-0.4613,0.8239690775,NA,NA,NA
-0.4596,0.8265208562,NA,NA,NA
-0.458,0.8289225302,NA,NA,NA
-0.4553,0.8329753552,NA,NA,NA
-0.4547,0.833875983,WU,-0.6555,0.5252293796
-0.4536,0.8355271339,NA,NA,NA
-0.4531250026,0.836240127,EOG,-0.4961,0.7706557774
-0.4515,0.8386398242,NA,NA,NA
-0.4477,0.8442514149,NA,NA,NA
-0.446,0.8467618634,SO,-0.068,1.0170711069
-0.4446,0.8488292916,NA,NA,NA
-0.4414548475,0.8534738465,EPAM,-0.4536,0.8355271339
-0.4401,0.8554363261,NA,NA,NA
-0.4395,0.8563054185,NA,NA,NA
-0.4352,0.8625339146,NA,NA,NA
-0.4346,0.863403007,NA,NA,NA
-0.4297846924,0.8703779197,EQIX,-0.0865,1.0335932142
-0.4259,0.8758798306,NA,NA,NA
-0.4248,0.8774377666,NA,NA,NA
-0.4243,0.8781459193,NA,NA,NA
-0.4221,0.8812617912,NA,NA,NA
-0.4183,0.8866437519,NA,NA,NA
-0.4181145373,0.8869064236,EQR,-0.3547,0.9680976629
-0.4085,0.9001763634,SQ,-1.5729,0
-0.4064443822,0.9030135174,ES,-0.018,0.95858145
-0.4042,0.9060214056,NA,NA,NA
-0.4012,0.9100419616,NA,NA,NA
-0.4012,0.9100419616,NA,NA,NA
-0.4009,0.9104440172,NA,NA,NA
-0.4003,0.9112481284,NA,NA,NA
-0.3998,0.911918221,NA,NA,NA
-0.3986,0.9135264434,UPS,-0.1735,1.0733519048
-0.3976,0.9148666287,NA,NA,NA
-0.3947742272,0.918653688,ESS,-0.4259,0.8758798306
-0.3944,0.9191387921,NA,NA,NA
-0.3938,0.9199165615,NA,NA,NA
-0.3922,0.9219906133,SYY,-0.2796,1.0386465383
-0.391,0.9235461522,NA,NA,NA
-0.3897,0.9252313193,NA,NA,NA
-0.3846,0.9318423594,NA,NA,NA
-0.3831040721,0.9337815043,ETN,-0.2508,1.0562506555
-0.3824,0.9346605288,TXN,-0.0114,0.9495750083
-0.3786,0.9394047775,NA,NA,NA
-0.3764,0.9421514478,NA,NA,NA
-0.3753,0.9435247829,NA,NA,NA
-0.3737,0.9455223613,NA,NA,NA
-0.3718,0.9478944857,TTWO,-0.0343,0.9796887983
-0.3715,0.9482690316,NA,NA,NA
-0.371433917,0.9483515353,ETR,-0.3677,0.9528202786
-0.371,0.9488708462,NA,NA,NA
-0.3683,0.9521021999,RPD,-0.4012,0.9100419616
-0.3683,0.9521021999,NA,NA,NA
-0.3677,0.9528202786,NA,NA,NA
-0.3672,0.9534186774,NA,NA,NA
-0.3666,0.954136756,NA,NA,NA
-0.3655,0.9554532335,SNX,-1.5614,9.74684244936397E-06
-0.3634,0.9579665086,NA,NA,NA
-0.3628,0.9586845872,TPR,-0.2742,1.0423388698
-0.3628,0.9586845872,NA,NA,NA
-0.3612,0.9605994635,NA,NA,NA
-0.3603,0.9616765814,NA,NA,NA
-0.3601,0.961915941,NA,NA,NA
-0.3597637619,0.9623183499,EVBG,3.101,0.0033864202
-0.3596,0.9625052528,NA,NA,NA
-0.3574,0.9650161308,NA,NA,NA
-0.3568,0.9657009157,NA,NA,NA
-0.3565,0.9660433082,NA,NA,NA
-0.3552,0.9675270088,ULTA,-0.1115,1.051611969
-0.3547,0.9680976629,NA,NA,NA
-0.3547,0.9680976629,NA,NA,NA
-0.3541,0.9687824478,NA,NA,NA
-0.3539,0.9690107095,NA,NA,NA
-0.353,0.9700378868,XRX,-0.093,1.0388452464
-0.353,0.9700378868,NA,NA,NA
-0.3525,0.9706085409,NA,NA,NA
-0.3525,0.9706085409,NA,NA,NA
-0.3525,0.9706085409,NA,NA,NA
-0.3519,0.9712933258,UNM,-0.272,1.0437949705
-0.3501,0.9733476806,NA,NA,NA
-0.3498,0.973690073,NA,NA,NA
-0.3492,0.974374858,TEAM,0.4165,0.2479323654
-0.3492,0.974374858,NA,NA,NA
-0.3492,0.974374858,NA,NA,NA
-0.3480936069,0.9756375935,EVRG,-0.1599,1.0713503734
-0.3476,0.9761718671,NA,NA,NA
-0.3475,0.9762801058,NA,NA,NA
-0.3463,0.9775789702,NA,NA,NA
-0.346,0.9779036863,NA,NA,NA
-0.345,0.9789860732,SYF,-0.0751,1.023662776
-0.3449,0.9790943119,TT,-0.5059,0.7553898734
-0.3449,0.9790943119,WFC,-0.0234,0.965786371
-0.3443,0.9797437441,NA,NA,NA
-0.3438,0.9802849376,NA,NA,NA
-0.3432,0.9809343697,WM,-0.3672,0.9534186774
-0.3427,0.9814755632,XLNX,-0.0371,0.9830540557
-0.3427,0.9814755632,NA,NA,NA
-0.3421,0.9821249954,NA,NA,NA
-0.3421,0.9821249954,NA,NA,NA
-0.3421,0.9821249954,NA,NA,NA
-0.3416,0.9826661889,WLTW,-0.0435,0.9907460724
-0.3416,0.9826661889,NA,NA,NA
-0.3416,0.9826661889,NA,NA,NA
-0.3416,0.9826661889,NA,NA,NA
-0.3364234518,0.9882692171,EVTC,-0.0281,0.9718278464
-0.3362,0.9884971661,TYL,-0.5149,0.7413149863
-0.3348,0.9899253428,NA,NA,NA
-0.3348,0.9899253428,NA,NA,NA
-0.3275,0.9973722641,NA,NA,NA
-0.3258,0.9991064786,NA,NA,NA
-0.3258,0.9991064786,NA,NA,NA
-0.3247532967,1.0001742481,EW,-0.0076,0.9442359291
-0.3198,1.0049022983,NA,NA,NA
-0.3193,1.0053795613,NA,NA,NA
-0.3193,1.0053795613,NA,NA,NA
-0.316,1.0085294969,WEX,-0.1431,1.0667001555
-0.3143,1.010152191,NA,NA,NA
-0.3143,1.010152191,NA,NA,NA
-0.3130831416,1.0113137139,EXC,-0.1605,1.0714931431
-0.3128,1.0115644842,TRV,-0.3498,0.973690073
-0.3128,1.0115644842,NA,NA,NA
-0.309,1.0149300336,NA,NA,NA
-0.3084,1.0154614361,NA,NA,NA
-0.3067,1.0169670766,TWTR,-0.4395,0.8563054185
-0.3057,1.0178527475,SLB,-0.4346,0.863403007
-0.3046,1.0188269855,NA,NA,NA
-0.3019,1.0212182969,NA,NA,NA
-0.3014129865,1.0216496305,EXLS,-2.5018,0.0037089768
-0.2986,1.0239391198,NA,NA,NA
-0.297,1.0252413596,NA,NA,NA
-0.2943,1.0274388892,NA,NA,NA
-0.2937,1.0279272291,NA,NA,NA
-0.2937,1.0279272291,NA,NA,NA
-0.2926,1.0288225189,SSNC,-1.2317,0.0415667875
-0.2926,1.0288225189,NA,NA,NA
-0.2916,1.0296364188,NA,NA,NA
-0.2897428315,1.031147968,EXPD,-0.0049,0.9403501309
-0.2883,1.0322146497,NA,NA,NA
-0.2878,1.0325842985,SRE,-0.2045,1.072047075
-0.2807,1.037833311,NA,NA,NA
-0.2801,1.0382768895,NA,NA,NA
-0.2796,1.0386465383,NA,NA,NA
-0.279,1.0390901168,NA,NA,NA
-0.2785,1.0394597656,NA,NA,NA
-0.2780726764,1.0397756849,EXPE,-0.3421,0.9821249954
-0.2747,1.0420079378,NA,NA,NA
-0.2742,1.0423388698,NA,NA,NA
-0.2742,1.0423388698,NA,NA,NA
-0.272,1.0437949705,NA,NA,NA
-0.2709,1.0445230209,NA,NA,NA
-0.2698,1.0452510712,NA,NA,NA
-0.2696,1.045383444,NA,NA,NA
-0.2693,1.0455820032,NA,NA,NA
-0.2687,1.0459791216,NA,NA,NA
-0.2683,1.0462438672,NA,NA,NA
-0.2665,1.0474352223,NA,NA,NA
-0.2664025213,1.0474997399,EXR,-0.4515,0.8386398242
-0.2633,1.0493044222,NA,NA,NA
-0.2632,1.0493625904,NA,NA,NA
-0.26,1.0512239743,NA,NA,NA
-0.2584,1.0521546663,NA,NA,NA
-0.2562,1.0534343677,NA,NA,NA
-0.2551,1.0540742184,NA,NA,NA
-0.2547323662,1.0542880646,FANG,-0.2121,1.0705695452
-0.254,1.0546535787,NA,NA,NA
-0.2508,1.0562506555,NA,NA,NA
-0.2504,1.0564502901,NA,NA,NA
-0.2502,1.0565501074,NA,NA,NA
-0.2491,1.0570991026,WYNN,-0.3938,0.9199165615
-0.2466,1.0583468189,NA,NA,NA
-0.2464,1.0584466362,NA,NA,NA
-0.2459,1.0586961795,NA,NA,NA
-0.2453,1.0589956314,V,-0.0179,0.9584449888
-0.2431,1.0600936217,NA,NA,NA
-0.2431,1.0600936217,NA,NA,NA
-0.2430622111,1.0601124816,FAST,-0.0218,0.9637296985
-0.2393,1.061670637,NA,NA,NA
-0.2377,1.0623332921,NA,NA,NA
-0.2361,1.0629959473,TMO,-0.0539,1.0024343072
-0.2361,1.0629959473,NA,NA,NA
-0.2344,1.0637000184,NA,NA,NA
-0.2339,1.0639070981,NA,NA,NA
-0.2317,1.064818249,SYK,-0.2105,1.0709492446
-0.2313920561,1.0649457869,FB,-0.3628,0.9586845872
-0.2313,1.0649758801,NA,NA,NA
-0.2274,1.0662507953,NA,NA,NA
-0.2247,1.0671334289,NA,NA,NA
-0.2236,1.0674930203,NA,NA,NA
-0.2214,1.0682122032,NA,NA,NA
-0.2214,1.0682122032,NA,NA,NA
-0.2214,1.0682122032,NA,NA,NA
-0.2208,1.068408344,SNPS,-0.1814,1.0736924907
-0.219721901,1.068760776,FBHS,-0.7681,0.3737265677
-0.2192,1.0688846294,TWOU,-0.5277,0.721230901
-0.2185,1.0690507479,NA,NA,NA
-0.2181,1.0691456727,NA,NA,NA
-0.2181,1.0691456727,NA,NA,NA
-0.2176,1.0692643288,NA,NA,NA
-0.2154,1.0697864154,NA,NA,NA
-0.2121,1.0705695452,NA,NA,NA
-0.2105,1.0709492446,NA,NA,NA
-0.2089,1.0713289439,VSAT,-0.0345,0.9799291739
-0.2080517459,1.0715302448,FFIV,-0.5711,0.6531350123
-0.2072,1.0716541861,NA,NA,NA
-0.207,1.071683289,TEL,-0.3897,0.9252313193
-0.2045,1.072047075,NA,NA,NA
-0.2019,1.0724254123,NA,NA,NA
-0.2018,1.0724399638,WRB,-0.3193,1.0053795613
-0.2013,1.072512721,SNPS,-0.0772,1.02561215
-0.1993,1.0728037497,NA,NA,NA
-0.1993,1.0728037497,NA,NA,NA
-0.1975,1.0730656756,NA,NA,NA
-0.1975,1.0730656756,NA,NA,NA
-0.1963815908,1.0732284202,FFIV,-0.2431,1.0600936217
-0.1955,1.0732742619,NA,NA,NA
-0.1942,1.0733418602,NA,NA,NA
-0.1929,1.0734094586,SLG,-0.9535,0.1860739839
-0.1929,1.0734094586,NA,NA,NA
-0.1847114358,1.0738352538,FICO,-0.6887,0.4778929313
-0.1844,1.0738218272,TER,-0.0077,0.9443798475
-0.184,1.0738045823,NA,NA,NA
-0.1814,1.0736924907,NA,NA,NA
-0.18,1.0736321337,XOM,-0.1605,1.0714931431
-0.1784,1.0735631543,NA,NA,NA
-0.1779,1.0735415982,NA,NA,NA
-0.1773,1.073515731,NA,NA,NA
-0.1768,1.0734941749,TXN,-0.0268,0.9701568
-0.1752,1.0734251955,NA,NA,NA
-0.1735,1.0733519048,NA,NA,NA
-0.1730412807,1.0733321284,FIS,-0.1993,1.0728037497
-0.1708,1.0730187563,NA,NA,NA
-0.1708,1.0730187563,NA,NA,NA
-0.1703,1.0729488472,NA,NA,NA
-0.1697,1.0728649562,NA,NA,NA
-0.1687,1.0727251379,NA,NA,NA
-0.1687,1.0727251379,NA,NA,NA
-0.1686,1.072711156,NA,NA,NA
-0.1659,1.0723336465,NA,NA,NA
-0.1648,1.0721798464,VRSK,-0.0256,0.9686142957
-0.1637,1.0720260462,NA,NA,NA
-0.1632,1.0719561371,XRX,-0.2185,1.0690507479
-0.1632,1.0719561371,NA,NA,NA
-0.1613711256,1.0717004269,FIS,-0.0849,1.032260911
-0.1605,1.0714931431,NA,NA,NA
-0.1605,1.0714931431,NA,NA,NA
-0.1605,1.0714931431,NA,NA,NA
-0.1599,1.0713503734,NA,NA,NA
-0.1599,1.0713503734,NA,NA,NA
-0.1594,1.0712313987,NA,NA,NA
-0.1583,1.0709696544,TWLO,0.3335,0.3574957011
-0.1577,1.0708268847,TMUS,-0.0054,0.9410697232
-0.1572,1.07070791,NA,NA,NA
-0.1546,1.0700892415,TGT,-0.0223,0.9643724087
-0.1546,1.0700892415,NA,NA,NA
-0.1539,1.0699226769,NA,NA,NA
-0.1529,1.0696847275,NA,NA,NA
-0.1518,1.0694229832,NA,NA,NA
-0.1512,1.0692802135,NA,NA,NA
-0.1501,1.0690184692,NA,NA,NA
-0.1497009705,1.0689235203,FISV,-0.0984,1.0428165994
-0.1495,1.0688558287,NA,NA,NA
-0.149,1.0686874167,VRTX,0.1811,0.6135462634
-0.149,1.0686874167,NA,NA,NA
-0.1482,1.0684179575,NA,NA,NA
-0.1469,1.0679800864,NA,NA,NA
-0.1458,1.0676095801,NA,NA,NA
-0.1452,1.0674074857,NA,NA,NA
-0.1431,1.0667001555,NA,NA,NA
-0.1425,1.0664980611,WHR,-0.1061,1.0481748042
-0.142,1.0663296491,WELL,-0.3492,0.974374858
-0.142,1.0663296491,NA,NA,NA
-0.1409,1.0659591428,RNG,0.3808,0.2921856113
-0.1393,1.0654202245,NA,NA,NA
-0.1393,1.0654202245,NA,NA,NA
-0.1380308154,1.0649927328,FISV,-0.0419,0.9888230682
-0.1376,1.0648047803,NA,NA,NA
-0.1367,1.0644121359,NA,NA,NA
-0.1365,1.0643248816,WMB,-0.1518,1.0694229832
-0.1365,1.0643248816,NA,NA,NA
-0.1354,1.0638449829,NA,NA,NA
-0.1338,1.0631469485,XYL,-0.0734,1.0220847113
-0.1338,1.0631469485,NA,NA,NA
-0.1333,1.0629288127,NA,NA,NA
-0.1329,1.0627543041,NA,NA,NA
-0.1327,1.0626670498,NA,NA,NA
-0.1295,1.061270981,NA,NA,NA
-0.1278,1.0605293194,NA,NA,NA
-0.1273,1.0603111836,NA,NA,NA
-0.1273,1.0603111836,NA,NA,NA
-0.1263606604,1.0599013765,FITB,-0.1327,1.0626670498
-0.124,1.0586353729,NA,NA,NA
-0.1235,1.0583672268,XRAY,-0.0343,0.9796887983
-0.1235,1.0583672268,NA,NA,NA
-0.1224,1.0577773055,RP,-0.3348,0.9899253428
-0.1191,1.0560075414,NA,NA,NA
-0.1188,1.0558466537,NA,NA,NA
-0.1186,1.0557393953,NA,NA,NA
-0.1175,1.0551494739,NA,NA,NA
-0.1175,1.0551494739,NA,NA,NA
-0.1164,1.0545595525,NA,NA,NA
-0.115,1.0538087435,NA,NA,NA
-0.1148,1.0537014851,NA,NA,NA
-0.1146905053,1.0536427639,FIVN,0.589,0.0924726387
-0.1121,1.0519938762,NA,NA,NA
-0.1115,1.051611969,NA,NA,NA
-0.1112,1.0514210154,NA,NA,NA
-0.111,1.051293713,NA,NA,NA
-0.1099,1.0505935498,NA,NA,NA
-0.1072,1.0488749674,NA,NA,NA
-0.1061,1.0481748042,ROK,-0.0859,1.0330936005
-0.1061,1.0481748042,NA,NA,NA
-0.1061,1.0481748042,NA,NA,NA
-0.105,1.047474641,NA,NA,NA
-0.105,1.047474641,NA,NA,NA
-0.1030203502,1.0462145701,FLEX,-0.0102,0.9479374735
-0.1028,1.0460525167,NA,NA,NA
-0.1001,1.0440668402,NA,NA,NA
-0.0997,1.0437726659,NA,NA,NA
-0.0995,1.0436255787,NA,NA,NA
-0.0984,1.0428165994,NA,NA,NA
-0.0974,1.0420811637,VLO,-0.1072,1.0488749674
-0.0971,1.0418605329,SAIL,-1.0503,0.1189698291
-0.0957,1.0408309229,NA,NA,NA
-0.0941,1.0396542257,NA,NA,NA
-0.0941,1.0396542257,NA,NA,NA
-0.0941,1.0396542257,NA,NA,NA
-0.093,1.0388452464,NA,NA,NA
-0.0913501951,1.0376319209,FLIR,-1.5537,0.0002023153
-0.0898,1.0363410897,NA,NA,NA
-0.0898,1.0363410897,NA,NA,NA
-0.0892,1.035841476,NA,NA,NA
-0.0882,1.0350087864,NA,NA,NA
-0.0876,1.0345091727,NA,NA,NA
-0.0865,1.0335932142,NA,NA,NA
-0.0859,1.0330936005,NA,NA,NA
-0.0859,1.0330936005,NA,NA,NA
-0.0856,1.0328437937,VRSN,-0.1121,1.0519938762
-0.0849,1.032260911,NA,NA,NA
-0.0849,1.032260911,NA,NA,NA
-0.0832,1.0308453388,TDG,-0.2247,1.0671334289
-0.0821,1.0299293804,SMAR,0.5801,0.0983246969
-0.0821,1.0299293804,NA,NA,NA
-0.0821,1.0299293804,NA,NA,NA
-0.0816,1.0295130356,NA,NA,NA
-0.08,1.0281807324,NA,NA,NA
-0.0796800401,1.0279143051,FLIR,-0.6614,0.5166597939
-0.0794,1.0276543513,NA,NA,NA
-0.0783,1.0266332507,NA,NA,NA
-0.0772,1.02561215,NA,NA,NA
-0.0772,1.02561215,NA,NA,NA
-0.0772,1.02561215,NA,NA,NA
-0.0762,1.0246838767,NA,NA,NA
-0.0762,1.0246838767,NA,NA,NA
-0.0751,1.023662776,NA,NA,NA
-0.0751,1.023662776,NA,NA,NA
-0.0734,1.0220847113,NA,NA,NA
-0.0723,1.0210636106,V,-0.0076,0.9442359291
-0.0718,1.020599474,NA,NA,NA
-0.0718,1.020599474,NA,NA,NA
-0.0718,1.020599474,NA,NA,NA
-0.0716,1.0204138193,NA,NA,NA
-0.0702,1.0191142366,VRSN,-0.2632,1.0493625904
-0.068009885,1.0170812112,FLS,-0.0082,0.9450994398
-0.068,1.0170711069,NA,NA,NA
-0.0677,1.0167644508,NA,NA,NA
-0.0658,1.0148222951,RL,-0.7702,0.3711787137
-0.0658,1.0148222951,TIF,0.4945,0.166115428
-0.0658,1.0148222951,NA,NA,NA
-0.0653,1.0143112015,XLNX,-0.0158,0.9555793028
-0.0639,1.0128801394,NA,NA,NA
-0.0636,1.0125734833,NA,NA,NA
-0.0631,1.0120623897,NA,NA,NA
-0.0631,1.0120623897,NA,NA,NA
-0.0631,1.0120623897,NA,NA,NA
-0.0615,1.0104268901,NA,NA,NA
-0.0613,1.0102224527,NA,NA,NA
-0.0593,1.0081780783,UAA,-0.3416,0.9826661889
-0.0593,1.0081780783,WMT,0.3612,0.3183130568
-0.0593,1.0081780783,NA,NA,NA
-0.0563397299,1.0051521281,FLT,-0.1687,1.0727251379
-0.0555,1.0042166821,NA,NA,NA
-0.0549,1.0035482915,NA,NA,NA
-0.0539,1.0024343072,NA,NA,NA
-0.0533,1.0017659166,NA,NA,NA
-0.0511,0.9993151511,NA,NA,NA
-0.0511,0.9993151511,NA,NA,NA
-0.05,0.9980897683,NA,NA,NA
-0.0495,0.9975327762,UNP,-0.0783,1.0266332507
-0.049,0.996975784,NA,NA,NA
-0.049,0.996975784,NA,NA,NA
-0.0473,0.9950820107,NA,NA,NA
-0.0468,0.9945250185,NA,NA,NA
-0.0462,0.9938566279,NA,NA,NA
-0.0457,0.9932996357,NA,NA,NA
-0.0451,0.9926312451,NA,NA,NA
-0.0446695748,0.9921517582,FLT,-0.0718,1.020599474
-0.0435,0.9907460724,NA,NA,NA
-0.0424,0.9894240071,NA,NA,NA
-0.0419,0.9888230682,VMW,-0.6414,0.5459082398
-0.0419,0.9888230682,NA,NA,NA
-0.0419,0.9888230682,NA,NA,NA
-0.0419,0.9888230682,NA,NA,NA
-0.0413,0.9881019417,SEDG,0.5315,0.1341538177
-0.0409,0.9876211906,NA,NA,NA
-0.0396,0.9860587497,NA,NA,NA
-0.0392,0.9855779987,NA,NA,NA
-0.0381,0.9842559333,NA,NA,NA
-0.0381,0.9842559333,NA,NA,NA
-0.0371,0.9830540557,NA,NA,NA
-0.0364,0.9822127413,NA,NA,NA
-0.0364,0.9822127413,NA,NA,NA
-0.0358,0.9814916148,NA,NA,NA
-0.0354,0.9810108637,NA,NA,NA
-0.0348,0.9802897372,NA,NA,NA
-0.0345,0.9799291739,NA,NA,NA
-0.0345,0.9799291739,NA,NA,NA
-0.0343,0.9796887983,TEL,-0.1659,1.0723336465
-0.0343,0.9796887983,NA,NA,NA
-0.0343,0.9796887983,NA,NA,NA
-0.0332,0.978366733,SHW,-0.0457,0.9932996357
-0.0332,0.978366733,NA,NA,NA
-0.0329994197,0.97812566,FMC,-0.2562,1.0534343677
-0.0319,0.9767124436,NA,NA,NA
-0.0307,0.9751699392,NA,NA,NA
-0.0305,0.9749128552,NA,NA,NA
-0.0288,0.9727276406,NA,NA,NA
-0.0283,0.9720849305,NA,NA,NA
-0.0281,0.9718278464,NA,NA,NA
-0.0277,0.9713136783,URI,-0.0772,1.02561215
-0.0277,0.9713136783,NA,NA,NA
-0.0272,0.9706709682,NA,NA,NA
-0.0268,0.9701568,NA,NA,NA
-0.0261,0.9692570058,UDR,-0.6609,0.5173860299
-0.0261,0.9692570058,NA,NA,NA
-0.0256,0.9686142957,NA,NA,NA
-0.0245,0.9672003333,NA,NA,NA
-0.0234,0.965786371,NA,NA,NA
-0.0223,0.9643724087,NA,NA,NA
-0.0218,0.9637296985,NA,NA,NA
-0.0218,0.9637296985,NA,NA,NA
-0.0213292647,0.9631246058,FN,-0.0409,0.9876211906
-0.019,0.9599460624,NA,NA,NA
-0.019,0.9599460624,NA,NA,NA
-0.0185,0.9592637562,NA,NA,NA
-0.018,0.95858145,NA,NA,NA
-0.0179,0.9584449888,NA,NA,NA
-0.0179,0.9584449888,NA,NA,NA
-0.0169,0.9570803764,RSG,-0.5483,0.688856369
-0.0169,0.9570803764,NA,NA,NA
-0.0158,0.9555793028,NA,NA,NA
-0.0152,0.9547605353,NA,NA,NA
-0.0147,0.9540782292,NA,NA,NA
-0.0147,0.9540782292,NA,NA,NA
-0.0141,0.9532594617,SIVB,-0.1273,1.0603111836
-0.0141,0.9532594617,VNO,-0.5586,0.6726884279
-0.0141,0.9532594617,NA,NA,NA
-0.0141,0.9532594617,NA,NA,NA
-0.0136,0.9525771555,NA,NA,NA
-0.0131,0.9518948494,NA,NA,NA
-0.012,0.9503937757,NA,NA,NA
-0.0114,0.9495750083,TSEM,-1.0413,0.1243869406
-0.0114,0.9495750083,NA,NA,NA
-0.0109,0.9488927021,NA,NA,NA
-0.0102,0.9479374735,ROL,-0.1175,1.0551494739
-0.0102,0.9479374735,NA,NA,NA
-0.0096591096,0.9471993677,FRT,-0.1784,1.0735631543
-0.0092,0.9465386243,NA,NA,NA
-0.0082,0.9450994398,NA,NA,NA
-0.0082,0.9450994398,NA,NA,NA
-0.0077,0.9443798475,NA,NA,NA
-0.0076,0.9442359291,WEC,-0.3998,0.911918221
-0.0076,0.9442359291,NA,NA,NA
-0.0076,0.9442359291,NA,NA,NA
-0.0076,0.9442359291,NA,NA,NA
-0.0071,0.9435163368,NA,NA,NA
-0.0071,0.9435163368,NA,NA,NA
-0.0064,0.9425089077,NA,NA,NA
-0.0054,0.9410697232,NA,NA,NA
-0.0054,0.9410697232,NA,NA,NA
-0.0054,0.9410697232,NA,NA,NA
-0.0051,0.9406379678,UNH,-0.2742,1.0423388698
-0.0051,0.9406379678,NA,NA,NA
-0.0049,0.9403501309,UAL,-0.254,1.0546535787
-0.0049,0.9403501309,NA,NA,NA
-0.0049,0.9403501309,NA,NA,NA
-0.0044,0.9396305387,ROP,-0.1773,1.073515731
-0.0044,0.9396305387,XLK,-0.2504,1.0564502901
-0.0044,0.9396305387,NA,NA,NA
-0.0038,0.938767028,SMTC,-0.0345,0.9799291739
-0.0038,0.938767028,NA,NA,NA
-0.0033,0.9380474357,NA,NA,NA
-0.0026,0.9370400065,NA,NA,NA
-0.0016,0.935600822,SNA,-0.0381,0.9842559333
-0.0016,0.935600822,NA,NA,NA
-0.0013,0.9351690667,NA,NA,NA
-0.0013,0.9351690667,NA,NA,NA
-0.0011,0.9348812298,NA,NA,NA
-0.0005,0.9340177191,NA,NA,NA
-0.0005,0.9340177191,NA,NA,NA
-0.0005,0.9340177191,NA,NA,NA
0,0.9332981268,SJM,0.1409,0.6884158121
0,0.9332981268,NA,NA,NA
0,0.9332981268,NA,NA,NA
0.0005,0.9325785346,NA,NA,NA
0.0013,0.931427187,NA,NA,NA
0.0020110455,0.9304038613,FSLR,-0.6337,0.5573561384
0.0102,0.9180544317,NA,NA,NA
0.0136812006,0.9128045746,FTI,-0.3416,0.9826661889
0.0152,0.9104185899,NA,NA,NA
0.0253513557,0.8944711388,FTNT,0.1773,0.6205553403
0.0277,0.8906477589,NA,NA,NA
0.0358,0.8774616939,NA,NA,NA
0.0370215107,0.8754731852,FTNT,0.4165,0.2479323654
0.0486916658,0.8558807745,FTV,-0.1295,1.061270981
0.0603618209,0.8357656852,G,-1.1039,0.0901039368
0.0609,0.834817287,SPLK,-0.9596,0.1812615079
0.0652,0.827239675,NA,NA,NA
0.072031976,0.8152001256,GD,-0.5907,0.6226962076
0.0729,0.8136423279,SEE,-0.1354,1.0638449829
0.0778,0.8048485521,TFC,-0.4874,0.7841454004
0.083702131,0.7942563037,GDDY,-0.0997,1.0437726659
0.0838,0.7940780967,NA,NA,NA
0.0854,0.7911646991,NA,NA,NA
0.0953722861,0.7730064276,GE,-0.5129,0.7444506504
0.106,0.7534398817,NA,NA,NA
0.1070424412,0.7515206567,GIB,-0.0013,0.9351690667
0.1187125963,0.729860955,GILD,0.4493,0.2110786786
0.1303827514,0.7080872377,GIS,-0.0054,0.9410697232
0.1409,0.6884158121,NA,NA,NA
0.1420529064,0.6862594199,GL,-0.2883,1.0322146497
0.1431,0.6843012663,SPY,-0.26,1.0512239743
0.1537230615,0.6644352422,GLOB,-0.0613,1.0102224527
0.1572,0.6579487687,NA,NA,NA
0.1648,0.6437704337,UI,0.3884,0.282364607
0.1653932166,0.6426637464,GLW,-0.2785,1.0394597656
0.1674,0.638937069,SABR,-0.575,0.6470606895
0.1708,0.6326231325,NA,NA,NA
0.1712,0.6318803164,SHOP,0.336,0.3538536608
0.1770633717,0.6209917998,GLW,-0.1186,1.0557393953
0.1773,0.6205553403,NA,NA,NA
0.1811,0.6135462634,NA,NA,NA
0.1887335268,0.5994662696,GM,-0.1338,1.0631469485
0.2004036818,0.5781314563,GOOG,-0.3476,0.9761718671
0.2120738369,0.5570213939,GOOGL,-0.3944,0.9191387921
0.223743992,0.5361675494,GPC,-0.0005,0.9340177191
0.2354141471,0.5156013901,GPN,-0.0319,0.9767124436
0.2470843021,0.4953543833,GPN,-0.0136,0.9525771555
0.2587544572,0.4754556974,GPS,-0.0071,0.9435163368
0.2704246123,0.4559253066,GRMN,-0.0005,0.9340177191
0.2722,0.4530128544,NA,NA,NA
0.2820947674,0.4367808861,GS,-0.0016,0.935600822
0.2937649225,0.4180401115,GWRE,-0.8165,0.3171025046
0.3054350775,0.3997192572,GWW,-0.1235,1.0583672268
0.3079,0.395940549,NA,NA,NA
0.3171052326,0.3818289942,HAL,-0.458,0.8289225302
0.3287753877,0.3643785926,HAS,-0.0511,0.9993151511
0.3335,0.3574957011,NA,NA,NA
0.336,0.3538536608,NA,NA,NA
0.3404455428,0.3473773223,HBAN,-0.0218,0.9637296985
0.3463,0.3390777853,NA,NA,NA
0.3521156979,0.3308331953,HBI,-0.0419,0.9888230682
0.3612,0.3183130568,NA,NA,NA
0.3637858529,0.3147491907,HCA,-0.0821,1.0299293804
0.3699,0.3065645357,VAR,-0.0332,0.978366733
0.375456008,0.2991270292,HD,-0.4716,0.8083691795
0.3808,0.2921856113,NA,NA,NA
0.3871261631,0.2839684317,HES,-0.1975,1.0730656756
0.3884,0.282364607,NA,NA,NA
0.3987963182,0.2692751191,HFC,-0.1191,1.0560075414
0.4101,0.2554947771,NA,NA,NA
0.4104664732,0.2550480088,HIG,-0.0354,0.9810108637
0.4165,0.2479323654,NA,NA,NA
0.4165,0.2479323654,NA,NA,NA
0.4221366283,0.2412848044,HII,-0.3193,1.0053795613
0.4314,0.2307258138,NA,NA,NA
0.4338067834,0.2279824062,HLT,-0.3786,0.9394047775
0.4454769385,0.2151377145,HOG,-0.3416,0.9826661889
0.4493,0.2110786786,NA,NA,NA
0.4542,0.2058762313,TAP,-0.3046,1.0188269855
0.4571470936,0.2027472315,HOLX,-0.0718,1.020599474
0.4688172486,0.1908058675,HON,-0.1572,1.07070791
0.4743,0.1854041219,NA,NA,NA
0.4804874037,0.1793081349,HPE,-0.2696,1.045383444
0.4921575588,0.1682485459,HPE,-0.1148,1.0537014851
0.4945,0.166115428,NA,NA,NA
0.5038277139,0.1576212496,HPQ,-0.9915,0.1573202694
0.515497869,0.1474189414,HPQ,-0.4221,0.8812617912
0.527168024,0.1376339537,HRB,-0.3764,0.9421514478
0.5315,0.1341538177,NA,NA,NA
0.5388381791,0.1282586186,HRL,0.4101,0.2554947771
0.5456,0.1230593571,NA,NA,NA
0.5472,0.121829094,WY,-0.0424,0.9894240071
0.5505083342,0.1192852682,HSIC,-0.3612,0.9605994635
0.5621784893,0.1107060288,HST,-0.3596,0.9625052528
0.5673,0.1071101236,NA,NA,NA
0.5738486443,0.1025122022,HSY,-0.3683,0.9521021999
0.5801,0.0983246969,NA,NA,NA
0.5855187994,0.0946948841,HUBS,-0.2683,1.0462438672
0.589,0.0924726387,NA,NA,NA
0.5971889545,0.0872451703,HUM,-0.3525,0.9706085409
0.6088591096,0.0801540703,IBM,-0.2466,1.0583468189
0.6205292647,0.0734122482,IBM,-0.105,1.047474641
0.6321994197,0.0670102819,ICE,-0.0109,0.9488927021
0.6438695748,0.0609387491,IDXX,-0.1686,1.072711156
0.6555397299,0.0551881885,IEX,-0.2986,1.0239391198
0.667209885,0.0497489822,IFF,-0.2459,1.0586961795
0.6695,0.0487408133,TTD,-0.6555,0.5252293796
0.6788800401,0.0446114731,IIVI,-0.4446,0.8488292916
0.6905501951,0.039766004,ILMN,-0.2393,1.061670637
0.7022203502,0.035202918,INCY,-0.1632,1.0719561371
0.7077,0.0331884311,YUM,-0.3525,0.9706085409
0.7091,0.0326737482,NA,NA,NA
0.7138905053,0.0309126119,INFO,-0.0419,0.9888230682
0.7168,0.0299086594,NA,NA,NA
0.7255606604,0.0268856991,INTC,0.0005,0.9325785346
0.7372308154,0.0231128469,INTC,0.0013,0.931427187
0.7489009705,0.0195847226,INTU,-0.8612,0.269564457
0.7605711256,0.0162920673,INTU,-0.3666,0.954136756
0.7722412807,0.0132259167,IP,-0.0277,0.9713136783
0.7839114358,0.0103773801,IPG,-0.3128,1.0115644842
0.7955815908,0.0077375667,IPGP,-0.8778,0.2531279477
0.8072517459,0.0052976731,IPGP,-0.3737,0.9455223613
0.8152,0.0037663237,NA,NA,NA
0.818921901,0.0030492441,IPHI,0.0102,0.9180544317
0.8305920561,0.0009839115,IQV,-0.3976,0.9148666287
0.8422622111,0,IR,-0.4401,0.8554363261
0.8539323662,0,IRM,-0.5858,0.6302808974
0.8656025213,0,ISRG,-0.0762,1.0246838767
0.8772726764,0,IT,-0.8037,0.3315489749
0.8889428315,0,IT,-0.3421,0.9821249954
0.9006129865,0,ITRI,-0.7462,0.4011072464
0.9122831416,0,ITW,-0.2464,1.0584466362
0.9174,0,NA,NA,NA
0.9239532967,0,IVZ,-0.4776,0.799221118
0.9356234518,0,JBHT,-0.0185,0.9592637562
0.9472936069,0,JBL,-0.2019,1.0724254123
0.9589637619,0,JCI,-0.1469,1.0679800864
0.970633917,0,JCOM,-0.1329,1.0627543041
0.9823040721,0,JKHY,-0.0639,1.0128801394
0.9939742272,0,JKHY,-0.0272,0.9706709682
1.0056443822,0,JNJ,-0.0082,0.9450994398
1.0173145373,0,JNPR,-0.4012,0.9100419616
1.026,0,SWKS,-0.0305,0.9749128552
1.0289846924,0,JNPR,-0.1708,1.0730187563
1.0406548475,0,JPM,-0.0631,1.0120623897
1.0523250026,0,JWN,-1.0939,0.0950603989
1.0639951576,0,K,-0.1697,1.0728649562
1.0669,0,TDC,-0.0677,1.0167644508
1.0694,0,NA,NA,NA
1.0756653127,0,KBR,-0.2747,1.0420079378
1.0873354678,0,KEY,-0.1703,1.0729488472
1.0990056229,0,KEYS,-0.0396,0.9860587497
1.110675778,0,KEYS,-0.0169,0.9570803764
1.122345933,0,KHC,-0.2181,1.0691456727
1.1340160881,0,KIM,-0.0549,1.0035482915
1.1456862432,0,KLAC,-0.0307,0.9751699392
1.1573563983,0,KLAC,-0.0131,0.9518948494
1.1690265533,0,KMB,-0.0392,0.9855779987
1.1806967084,0,KMI,-0.3525,0.9706085409
1.1923668635,0,KMX,-0.2665,1.0474352223
1.2040370186,0,KO,-0.8099,0.3245306127
1.2157071737,0,KR,0.4743,0.1854041219
1.2273773287,0,KSS,-0.2361,1.0629959473
1.2390474838,0,KSU,-0.0615,1.0104268901
1.2507176389,0,L,-0.2181,1.0691456727
1.262387794,0,LB,-0.4596,0.8265208562
1.2740579491,0,LDOS,-0.6874,0.4796961674
1.2857281041,0,LDOS,-0.2926,1.0288225189
1.2973982592,0,LEG,-0.0941,1.0396542257
1.3090684143,0,LEN,-0.7082,0.4510780892
1.3207385694,0,LFUS,-0.4715,0.8085213285
1.3324087244,0,LH,-0.4243,0.8781459193
1.3327,0,NA,NA,NA
1.3440788795,0,LHX,-0.2502,1.0565501074
1.3557490346,0,LIN,-0.0049,0.9403501309
1.3674191897,0,LITE,0.106,0.7534398817
1.3790893448,0,LKQ,-0.0941,1.0396542257
1.3907594998,0,LLY,-0.1539,1.0699226769
1.4024296549,0,LMT,-0.0288,0.9727276406
1.41409981,0,LNC,-0.0245,0.9672003333
1.4257699651,0,LNT,-0.2801,1.0382768895
1.4374401202,0,LOGI,0.7091,0.0326737482
1.4491102752,0,LOW,-0.5624,0.6667412781
1.4607804303,0,LPSN,-0.828,0.3044325371
1.4724505854,0,LRCX,-0.5251,0.7253163049
1.4841207405,0,LRCX,-0.2236,1.0674930203
1.4957908955,0,LSCC,-0.0051,0.9406379678
1.5074610506,0,LUV,-0.1512,1.0692802135
1.5191312057,0,LVS,-0.4477,0.8442514149
1.5308013608,0,LW,-0.872,0.2587869539
1.5424715159,0,LYB,-0.3715,0.9482690316
1.5541416709,0,LYV,-0.142,1.0663296491
1.565811826,0,M,-0.8633,0.2674605276
1.5774819811,0,MA,-0.1546,1.0700892415
1.5891521362,0,MA,-0.0658,1.0148222951
1.6008222912,0,MAA,-0.4721,0.8076084341
1.6124924463,6.79874035681187E-05,MANH,-0.5788,0.6411421185
1.6241626014,0.0002496615,MANT,-0.0038,0.938767028
1.6358327565,0.0004245675,MAR,-0.544,0.6956121906
1.6475029116,0.0005928603,MAS,-0.0762,1.0246838767
1.6591730666,0.0007546951,MCD,-0.0533,1.0017659166
1.6708432217,0.0009102236,MCHP,-0.3501,0.9733476806
1.6825133768,0.0010595853,MCHP,-0.149,1.0686874167
1.6941835319,0.0012029164,MCK,-0.309,1.0149300336
1.705853687,0.0013403533,MCO,-0.012,0.9503937757
1.717523842,0.0014720247,MDB,0.1572,0.6579487687
1.7291939971,0.0015980304,MDLZ,-0.1779,1.0735415982
1.7408641522,0.0017184623,MDT,-0.1458,1.0676095801
1.7525343073,0.0018334127,MET,-0.2937,1.0279272291
1.7642044623,0.0019429737,MGM,-0.2339,1.0639070981
1.7758746174,0.0020472274,MHK,-0.1376,1.0648047803
1.7875447725,0.0021462152,MIME,-1.0171,0.1397417836
1.7992149276,0.0022399684,MKC,-0.0044,0.9396305387
1.8108850827,0.0023285183,MKSI,-0.4625,0.822167822
1.8225552377,0.0024118866,MKTX,-0.0071,0.9435163368
1.8342253928,0.0024900564,MLM,-0.0898,1.0363410897
1.8458955479,0.0025630014,MMC,-0.2176,1.0692643288
1.857565703,0.0026306951,MMM,-0.0794,1.0276543513
1.8692358581,0.0026930995,MMS,-0.3348,0.9899253428
1.8809060131,0.002750131,MNST,-0.0995,1.0436255787
1.8925761682,0.0028016942,MO,-0.4678,0.8141508443
1.9042463233,0.002847694,MOS,-0.2709,1.0445230209
1.9159164784,0.002888035,MPC,-0.4928,0.7757762465
1.9275866334,0.0029226212,MPWR,0.3463,0.3390777853
1.9392567885,0.0029513535,MRK,-0.1708,1.0730187563
1.9509269436,0.0029741317,MRO,-0.0141,0.9532594617
1.9625970987,0.0029908559,MRVL,-0.0013,0.9351690667
1.9742672538,0.003001445,MS,-0.2072,1.0716541861
1.9859374088,0.003005894,MSCI,0.0854,0.7911646991
1.9976075639,0.0030042171,MSFT,0.0152,0.9104185899
2.009277719,0.0029964281,MSFT,0.0358,0.8774616939
2.0124,0.0029927229,NA,NA,NA
2.0209478741,0.0029825792,MSI,-0.9979,0.1528049303
2.0326180292,0.0029628745,MSI,-0.4248,0.8774377666
2.0442881842,0.0029375561,MTB,-0.2584,1.0521546663
2.0559583393,0.0029068662,MTD,-0.1529,1.0696847275
2.0676284944,0.0028710471,MTSI,-0.1188,1.0558466537
2.0792986495,0.0028303642,MU,-0.8318,0.3003356725
2.0909688045,0.0027851773,MU,-0.3541,0.9687824478
2.1026389596,0.0027358694,MXIM,-0.115,1.0538087435
2.1143091147,0.0026828235,MXIM,-0.049,0.996975784
2.1259792698,0.0026264211,MYL,-0.1273,1.0603111836
2.1376494249,0.002567036,NATI,-0.3539,0.9690107095
2.1493195799,0.0025050402,NBL,-0.1501,1.0690184692
2.160989735,0.0024408059,NCLH,-0.1333,1.0629288127
2.1726598901,0.0023746952,NCR,-0.1993,1.0728037497
2.1843300452,0.0023070305,NDAQ,-0.0772,1.02561215
2.1960002003,0.0022381245,NEE,-0.0147,0.9540782292
2.2076703553,0.0021682897,NEM,0.4314,0.2307258138
2.2193405104,0.0020978386,NEWR,-0.1482,1.0684179575
2.2310106655,0.0020270724,NFLX,0.1708,0.6326231325
2.2426808206,0.0019562474,NI,-0.4042,0.9060214056
2.2543509756,0.0018856086,NKE,-0.0821,1.0299293804
2.2660211307,0.0018154007,NLOK,-0.9826,0.1637863157
2.2776912858,0.0017458615,NLOK,-0.4183,0.8866437519
2.2893614409,0.0016771989,NLSN,-0.2214,1.0682122032
2.301031596,0.0016096136,NOC,-0.0005,0.9340177191
2.312701751,0.0015433062,NOVT,-0.3143,1.010152191
2.3243719061,0.0014784691,NOW,-0.0358,0.9814916148
2.3360420612,0.0014152625,NOW,-0.0152,0.9547605353
2.3477122163,0.001353838,NRG,-0.0816,1.0295130356
2.3593823713,0.0012943475,NSC,-0.019,0.9599460624
2.3710525264,0.0012369427,NTAP,-0.1687,1.0727251379
2.3827226815,0.0011817688,NTAP,-0.0718,1.020599474
2.3943928366,0.0011289439,NTNX,-1.8169,0
2.4060629917,0.0010785794,NTRS,-0.019,0.9599460624
2.4177331467,0.0010307866,NUAN,-0.1955,1.0732742619
2.4294033018,0.0009856727,NUE,-0.1975,1.0730656756
2.4410734569,0.0009433282,NVDA,0.0277,0.8906477589
2.452743612,0.0009038395,NVDA,0.0652,0.827239675
2.4644137671,0.0008672927,NVR,-0.3421,0.9821249954
2.4760839221,0.0008337695,NWL,-0.111,1.051293713
2.4877540772,0.0008033334,NWS,-0.4613,0.8239690775
2.4994242323,0.000776043,NWSA,-0.2274,1.0662507953
2.5110943874,0.0007519571,NXPI,-0.7615,0.3818974247
2.5227645424,0.0007311344,O,-0.4352,0.8625339146
2.5344346975,0.0007136297,ODFL,0.0838,0.7940780967
2.5461048526,0.0006994819,OKE,-0.371,0.9488708462
2.5577750077,0.0006887261,OKTA,0.2722,0.4530128544
2.5694451628,0.0006813971,OLED,-0.3475,0.9762801058
2.5811153178,0.0006775271,OMC,-0.0261,0.9692570058
2.5927854729,0.0006771374,ON,-0.3603,0.9616765814
2.604455628,0.0006802464,ORCL,-0.7692,0.3723904886
2.6161257831,0.0006868725,ORCL,-0.3275,0.9973722641
2.6277959382,0.0006970306,OTEX,-0.7436,0.4044261924
2.6394660932,0.0007107205,OXY,-0.5935,0.6183659598
2.6511362483,0.0007279384,PAGS,-0.9123,0.2209419355
2.6628064034,0.0007486807,PANW,-1.1065,0.08882142
2.6744765585,0.0007729436,PAYC,-0.0179,0.9584449888
2.6861467135,0.0008007191,PAYC,-0.0076,0.9442359291
2.6978168686,0.000831983,PAYX,-0.0026,0.9370400065
2.7094870237,0.0008667068,PAYX,-0.0011,0.9348812298
2.7211571788,0.0009048621,PBCT,-0.3198,1.0049022983
2.7328273339,0.0009464168,PCAR,-0.0364,0.9822127413
2.7444974889,0.0009913242,PCTY,-1.2368,0.0401363787
2.756167644,0.0010395339,PEAK,-0.3568,0.9657009157
2.7678377991,0.0010909954,PEG,-0.0859,1.0330936005
2.7795079542,0.0011456525,PEGA,-0.8139,0.320002637
2.7911781093,0.001203425,PEP,-0.0898,1.0363410897
2.8028482643,0.0012642267,PFE,-0.0462,0.9938566279
2.8145184194,0.0013279717,PFG,0,0.9332981268
2.8261885745,0.0013945738,PFPT,-0.3258,0.9991064786
2.8378587296,0.0014639395,PG,-0.0631,1.0120623897
2.8495288846,0.0015359462,PGR,-0.2214,1.0682122032
2.8611990397,0.0016104636,PH,-0.4553,0.8329753552
2.8728691948,0.0016873617,PHM,-0.2937,1.0279272291
2.8845393499,0.0017665034,PKG,-0.2344,1.0637000184
2.896209505,0.0018477243,PKI,-0.346,0.9779036863
2.90787966,0.0019308529,PLD,-0.0054,0.9410697232
2.9195498151,0.0020157178,PLXS,-0.474,0.8047176017
2.9312199702,0.0021021374,PM,-0.7985,0.3375619047
2.9428901253,0.0021898893,PNC,-0.0751,1.023662776
2.9545602804,0.0022787409,PNR,-0.2807,1.037833311
2.9662304354,0.0023684594,PNW,-0.6669,0.5087489672
2.9779005905,0.0024588123,POWI,0.8152,0.0037663237
2.9895707456,0.0025495607,PPG,-0.2916,1.0296364188
3.0012409007,0.0026404413,PPL,-0.5429,0.6973413937
3.0129110557,0.0027311846,PRGO,-0.2633,1.0493044222
3.0245812108,0.0028215213,PRU,-0.1605,1.0714931431
3.0362513659,0.002911189,PS,-1.2125,0.0472320146
3.047921521,0.0029999548,PSA,-0.7006,0.4614425044
3.0595916761,0.0030875929,PSTG,-0.7705,0.3708151813
3.0712618311,0.0031738776,PSX,-0.3443,0.9797437441
3.0829319862,0.0032586157,PTC,-1.417,0.0083823317
3.0946021413,0.003341745,PVH,-0.3258,0.9991064786
3.101,0.0033864202,NA,NA,NA
3.1062722964,0.0034232357,PWR,-0.0849,1.032260911
3.1179424514,0.0035030584,PXD,-0.1393,1.0654202245
3.1296126065,0.0035811834,PYPL,-0.1112,1.0514210154
3.1412827616,0.0036576122,PYPL,-0.0473,0.9950820107
3.1529529167,0.0037324716,QCOM,-0.1099,1.0505935498
3.1646230718,0.0038059193,QCOM,-0.0468,0.9945250185
3.1762932268,0.0038781133,QLYS,0.5456,0.1230593571
3.1879633819,0.0039492146,QTWO,-0.391,0.9235461522
3.199633537,0.0040193976,RAMP,-0.0511,0.9993151511
3.2113036921,0.0040888398,RCL,-0.4955,0.7715867717
3.2229738472,0.0041577187,RE,-0.0364,0.9822127413
3.2346440022,0.0042261972,REG,-0.3547,0.9680976629
3.2463141573,0.0042943796,REGN,1.0694,0
3.2579843124,0.0043623557,RF,-0.1452,1.0674074857
3.2696544675,0.004430215,RHI,-0.1365,1.0643248816
3.2813246225,0.0044980473,RJF,-0.4618,0.8232185544
