X,Y,Stock,X1,Y1
-0.58130053,0,A,0.0149,1.149214237
-0.572325381,0,AAL,0.1299,1.32174559
-0.563350232,0,AAP,0.2221,1.3243447
-0.554375083,0,AAPL,0.2917,1.251374742
-0.545399934,0,AAPL,0.5101,0.792789905
-0.536424786,0,ABBV,-0.0199,1.066860867
-0.527449637,0,ABC,0.2239,1.323230255
-0.518474488,0,ABMD,0.3272,1.194399988
-0.509499339,0,ABT,0.3605,1.131749601
-0.50052419,0,ACIA,0.3947,1.060275931
-0.491549041,0,ACIW,0.5082,0.79729139
-0.482573893,0,ACN,0.2938,1.248308789
-0.473598744,0,ACN,0.5138,0.784024745
-0.464623595,0,ADBE,0.1057,1.300444743
-0.455648446,0,ADBE,0.1849,1.337983497
-0.446673297,0.006567117,ADI,0.1501,1.332854882
-0.437698148,0.023857972,ADI,0.2625,1.288981569
-0.428722999,0.041300775,ADM,0.4386,0.961430533
-0.419747851,0.058909082,ADP,0.1324,1.323412378
-0.410772702,0.076696238,ADP,0.2315,1.317930466
-0.4077,0.08285157,UPS,0.072,1.256857459
-0.401797553,0.094675534,ADS,0.4145,1.01649545
-0.392822404,0.112860259,ADS,0.7248,0.345573459
-0.391,0.116597019,WDC,0.1874,1.337677283
-0.383847255,0.131263413,ADSK,0.2275,1.320878989
-0.374872106,0.14989683,ADSK,0.3978,1.053539092
-0.3723,0.155306109,NA,NA,NA
-0.365896958,0.168772053,AEE,0.1267,1.319475251
-0.356921809,0.187900626,AEIS,0.5622,0.671037521
-0.34794666,0.207293394,AEP,0.3116,1.220807507
-0.338971511,0.226958406,AES,0.4517,0.930940536
-0.3332,0.239783879,NA,NA,NA
-0.329996362,0.246903015,AFL,0.2016,1.334270572
-0.321021213,0.267134573,AIG,0.0727,1.25795187
-0.312046064,0.28766043,AIV,0.1125,1.307307777
-0.303070916,0.308486976,AIZ,0.1412,1.328685205
-0.294095767,0.329616744,AJG,0.252,1.300080483
-0.285120618,0.351051304,AKAM,0.2562,1.295735933
-0.285,0.351343482,TEL,0.011,1.140621776
-0.278,0.368299908,NA,NA,NA
-0.276145469,0.372792224,AKAM,0.4481,0.939345661
-0.2736,0.379045321,SLG,0.0408,1.202841931
-0.26717032,0.394840213,ALB,0.5227,0.762999157
-0.2665,0.396509623,NA,NA,NA
-0.258195171,0.417192525,ALGN,0.4904,0.839523974
-0.258,0.417685132,NA,NA,NA
-0.249220023,0.439845553,ALK,0.0401,1.20150882
-0.2452,0.450125056,NA,NA,NA
-0.240244874,0.46279569,ALL,-0.0522,0.982536048
-0.2349,0.476636923,NA,NA,NA
-0.2331,0.481298253,NA,NA,NA
-0.2328,0.482075142,NA,NA,NA
-0.231269725,0.486037984,ALLE,0.2225,1.324097045
-0.2257,0.500636398,NA,NA,NA
-0.2236,0.50614056,WEC,0.2551,1.296912796
-0.2232,0.507188971,TRMB,0.6479,0.485935719
-0.2229,0.50797528,SYNA,0.1111,1.306005057
-0.222294576,0.509562114,ALRM,0.4412,0.955418129
-0.2221,0.510077961,NA,NA,NA
-0.22,0.515645337,NA,NA,NA
-0.2143,0.530756785,NA,NA,NA
-0.213319427,0.533356412,ALTR,0.5635,0.668061858
-0.208,0.547612122,NA,NA,NA
-0.204344278,0.557409213,ALXN,0.4457,0.944940416
-0.1994,0.570795527,WMB,-0.1977,0.575398167
-0.1977,0.575398167,NA,NA,NA
-0.19536913,0.581708848,AMAT,0.3009,1.237714574
-0.1948,0.583264536,VRSN,0.4015,1.045395491
-0.186393981,0.606241977,AMAT,0.5262,0.754763497
-0.177418832,0.630988557,AMD,0.1054,1.300126269
-0.1735,0.641877408,NA,NA,NA
-0.1714,0.647712459,NA,NA,NA
-0.168443683,0.65592687,AMD,0.1843,1.338056989
-0.1611,0.676471109,WMT,0.3165,1.212804357
-0.159468534,0.681035198,AME,0.3559,1.140813866
-0.150493385,0.706290229,AMGN,0.0177,1.155379476
-0.148,0.713338837,SPLK,0.0583,1.234659292
-0.1458,0.719558068,NA,NA,NA
-0.1427,0.728321529,NA,NA,NA
-0.1423,0.729452298,NA,NA,NA
-0.141518236,0.731662283,AMKR,0.3227,1.202225099
-0.138,0.74164168,NA,NA,NA
-0.132543088,0.757120086,AMP,0.0153,1.150094986
-0.1309,0.761790639,TT,0.0394,1.200175708
-0.1285,0.76861275,WM,0.1306,1.322212291
-0.1285,0.76861275,NA,NA,NA
-0.123567939,0.782632363,AMT,0.0053,1.127574524
-0.1164,0.803024262,NA,NA,NA
-0.1157,0.805015675,NA,NA,NA
-0.11459279,0.808165551,AMZN,0.038,1.197509486
-0.1132,0.812124481,NA,NA,NA
-0.1128,0.81326146,NA,NA,NA
-0.1061,0.83230585,NA,NA,NA
-0.105617641,0.833676929,ANET,0.0209,1.162344806
-0.1033,0.840247445,NA,NA,NA
-0.096642492,0.859121488,ANET,0.0366,1.194697871
-0.0894,0.879563723,NA,NA,NA
-0.0884,0.882386264,NA,NA,NA
-0.087667343,0.884454218,ANSS,0.2825,1.264188155
-0.0848,0.892497307,NA,NA,NA
-0.0813,0.90231504,NA,NA,NA
-0.0809,0.903437067,TSN,-0.0738,0.923241948
-0.078692195,0.909630108,ANSS,0.494,0.830977554
-0.0738,0.923241948,NA,NA,NA
-0.0735,0.924076656,NA,NA,NA
-0.0713,0.930197845,NA,NA,NA
-0.069717046,0.934602192,ANTM,0.0177,1.155379476
-0.0649,0.947866148,NA,NA,NA
-0.0635,0.951721112,NA,NA,NA
-0.060741897,0.959315675,AON,0.2484,1.303545857
-0.0589,0.964322705,VIAC,0.0131,1.14525087
-0.0578,0.967312955,NA,NA,NA
-0.0522,0.982536048,ROK,0.1647,1.337245214
-0.051766748,0.983713805,AOS,0.6033,0.579137371
-0.0433,1.006378867,NA,NA,NA
-0.042791599,1.00773983,APA,-0.2736,0.379045321
-0.0401,1.01481628,SWKS,0.4952,0.828128748
-0.0385,1.01902282,TROW,0.1668,1.337533061
-0.0351,1.027961718,NA,NA,NA
-0.0344,1.029802079,NA,NA,NA
-0.03381645,1.031336282,APD,0.0859,1.276748902
-0.0334,1.032408434,TSCO,0.1072,1.302037118
-0.033,1.033438235,NA,NA,NA
-0.0329,1.033695685,ZS,0.8067,0.227231439
-0.024841301,1.054442819,APH,0.3925,1.065035305
-0.0199,1.066860867,POWI,0.126,1.318916106
-0.0195,1.067866113,NA,NA,NA
-0.015866153,1.076998382,APH,0.6864,0.412221014
-0.0135,1.082783438,YUM,0.0944,1.287621488
-0.0075,1.097452964,TPR,0.5422,0.717267342
-0.006891004,1.098941912,APPF,0.2662,1.284639605
-0.005,1.103423685,NA,NA,NA
-0.0028,1.108637793,NA,NA,NA
-0.0025,1.109348808,NA,NA,NA
-0.0014,1.111955863,NA,NA,NA
4.00E-04,1.116221952,NA,NA,NA
0,1.119540021,NA,NA,NA
0,1.120213459,APPN,1.9337,0.007460259
0,1.122538742,NA,NA,NA
0,1.122767641,NA,NA,NA
0,1.124369936,NA,NA,NA
0,1.127574524,SCHW,0.0933,1.286311782
0,1.127574524,WRK,0.5703,0.652558542
0,1.130092414,NA,NA,NA
0,1.130779112,NA,NA,NA
0.0071,1.131694709,NA,NA,NA
0.0074,1.132381406,NA,NA,NA
0.0078,1.133297003,XOM,-0.1427,0.728321529
0.0082,1.134212599,NA,NA,NA
0.0085,1.134899297,NA,NA,NA
0.0096,1.137417187,NA,NA,NA
0.0099,1.138103885,NA,NA,NA
0.011,1.140621776,NA,NA,NA
0.011059294,1.140757499,APPS,3.8314,0.003541799
0.0128,1.144590309,NA,NA,NA
0.0131,1.14525087,NA,NA,NA
0.0131,1.14525087,NA,NA,NA
0.0135,1.146131618,NA,NA,NA
0.0145,1.148333489,NA,NA,NA
0.0149,1.149214237,PLXS,0.4574,0.917566721
0.0149,1.149214237,NA,NA,NA
0.0153,1.150094986,SBUX,0.4727,0.881485292
0.0156,1.150755547,NA,NA,NA
0.0168,1.153397792,NA,NA,NA
0.0177,1.155379476,SATS,0.0521,1.223799378
0.0177,1.155379476,SJM,0.3293,1.190663547
0.0177,1.155379476,NA,NA,NA
0.0192,1.158682282,NA,NA,NA
0.0195,1.159342843,NA,NA,NA
0.0195,1.159342843,NA,NA,NA
0.020034443,1.160519617,APTV,0.61,0.564682966
0.0202,1.160868725,NA,NA,NA
0.0206,1.1617122,NA,NA,NA
0.0209,1.162344806,SEE,0.3684,1.115781953
0.0211,1.162766544,NA,NA,NA
0.0213,1.163188281,NA,NA,NA
0.022,1.164664362,NA,NA,NA
0.0236,1.168038261,NA,NA,NA
0.0238,1.168459999,NA,NA,NA
0.0241,1.169092605,NA,NA,NA
0.0245,1.16993608,VFC,0.4436,0.949835827
0.0248,1.170568686,NA,NA,NA
0.0254,1.171833898,NA,NA,NA
0.0256,1.172255636,NA,NA,NA
0.0263,1.173731717,NA,NA,NA
0.0263,1.173731717,NA,NA,NA
0.0266,1.174364323,NA,NA,NA
0.0267,1.174575191,NA,NA,NA
0.027,1.175207797,UDR,0.0202,1.160868725
0.0273,1.175840404,NA,NA,NA
0.0273,1.175840404,NA,NA,NA
0.029009592,1.179445397,ARE,0.1522,1.333698234
0.0298,1.181033676,NA,NA,NA
0.0316,1.184650669,NA,NA,NA
0.0319,1.185253501,NA,NA,NA
0.0323,1.186057277,NA,NA,NA
0.0326,1.186660109,XRX,0.3221,1.203248898
0.0326,1.186660109,NA,NA,NA
0.0337,1.188870494,NA,NA,NA
0.0337,1.188870494,NA,NA,NA
0.0341,1.18967427,NA,NA,NA
0.0344,1.190277102,NA,NA,NA
0.0344,1.190277102,NA,NA,NA
0.0358,1.193090319,VRNT,0.6721,0.438835946
0.0358,1.193090319,NA,NA,NA
0.0362,1.193894095,NA,NA,NA
0.0366,1.194697871,SHOP,0.319,1.208538527
0.0376,1.196707312,NA,NA,NA
0.03798474,1.197480425,ARW,0.5542,0.689435075
0.038,1.197509486,SEDG,2.1794,0.006081251
0.0391,1.199604375,VRSK,0.0067,1.130779112
0.0394,1.200175708,NA,NA,NA
0.0394,1.200175708,NA,NA,NA
0.0401,1.20150882,RNG,0.0776,1.265160603
0.0405,1.202270598,NA,NA,NA
0.0405,1.202270598,NA,NA,NA
0.0408,1.202841931,NA,NA,NA
0.0451,1.211031045,NA,NA,NA
0.0458,1.212364156,UI,0.6299,0.522619758
0.0458,1.212364156,WEX,0.0813,1.270494987
0.046959889,1.214573102,ATO,-0.148,0.713338837
0.0479,1.21626056,TSEM,0.4028,1.042534226
0.0483,1.216978542,NA,NA,NA
0.0484,1.217158038,NA,NA,NA
0.0493,1.218773499,SWI,0.6957,0.395432986
0.0503,1.220568456,NA,NA,NA
0.0504,1.220747952,TFX,0.0795,1.267899881
0.0507,1.221286439,WY,0.1739,1.338338259
0.0515,1.222722404,NA,NA,NA
0.0518,1.223260891,NA,NA,NA
0.0521,1.223799378,NA,NA,NA
0.0521,1.223799378,NA,NA,NA
0.0522,1.223978874,NA,NA,NA
0.0529,1.225235343,NA,NA,NA
0.0532,1.225773831,STX,0.5014,0.813414895
0.0536,1.226491813,NA,NA,NA
0.0546,1.22828677,NA,NA,NA
0.0546,1.22828677,NA,NA,NA
0.0554,1.229722735,NA,NA,NA
0.055935038,1.230683106,ATVI,0.1352,1.325279182
0.0561,1.230960454,NA,NA,NA
0.0571,1.232641744,NA,NA,NA
0.0578,1.233818647,NA,NA,NA
0.0583,1.234659292,NA,NA,NA
0.0586,1.235163679,NA,NA,NA
0.059,1.235836195,NA,NA,NA
0.059,1.235836195,NA,NA,NA
0.0593,1.236340582,NA,NA,NA
0.0596,1.236844969,NA,NA,NA
0.0602,1.237853743,NA,NA,NA
0.0614,1.239871291,NA,NA,NA
0.0621,1.241048193,NA,NA,NA
0.0646,1.245251418,NA,NA,NA
0.0649,1.245755805,NA,NA,NA
0.064910187,1.245772932,AVB,0.252,1.300080483
0.0657,1.247007761,NA,NA,NA
0.0671,1.249196583,NA,NA,NA
0.0683,1.251072716,WRB,0.0266,1.174364323
0.0685,1.251385405,NA,NA,NA
0.0714,1.255919393,NA,NA,NA
0.072,1.256857459,NA,NA,NA
0.0724,1.257482837,TMUS,0.2253,1.322363465
0.0724,1.257482837,USB,0.1253,1.31835696
0.0727,1.25795187,RE,-0.0351,1.027961718
0.0738,1.259671659,ULTA,0.2981,1.242030885
0.073885336,1.259805077,AVGO,0.1906,1.337280513
0.0774,1.264872258,NA,NA,NA
0.0776,1.265160603,NA,NA,NA
0.0784,1.266313983,NA,NA,NA
0.0784,1.266313983,NA,NA,NA
0.0795,1.267899881,NA,NA,NA
0.0813,1.270494987,NA,NA,NA
0.0813,1.270494987,NA,NA,NA
0.0816,1.270927505,NA,NA,NA
0.082860485,1.272744778,AVGO,0.3332,1.183724441
0.083,1.272928569,NA,NA,NA
0.0848,1.27529981,XYL,0.5646,0.665543989
0.0848,1.27529981,NA,NA,NA
0.0852,1.275826753,NA,NA,NA
0.0859,1.276748902,SMAR,0.5039,0.807482072
0.0859,1.276748902,NA,NA,NA
0.0869,1.278066258,TTEC,0.6088,0.567271166
0.0873,1.278593201,NA,NA,NA
0.0877,1.279120143,NA,NA,NA
0.0894,1.281359649,NA,NA,NA
0.09,1.282150063,NA,NA,NA
0.0901,1.282281798,NA,NA,NA
0.0905,1.282808741,NA,NA,NA
0.0908,1.283203948,NA,NA,NA
0.0908,1.283203948,NA,NA,NA
0.0912,1.28373089,NA,NA,NA
0.091835634,1.284568246,AVLR,0.7397,0.321605615
0.0923,1.28512114,XRX,0.1842,1.338069238
0.0925,1.285359269,NA,NA,NA
0.0926,1.285478333,NA,NA,NA
0.0933,1.286311782,NA,NA,NA
0.0937,1.286788039,NA,NA,NA
0.094,1.287145231,NA,NA,NA
0.0944,1.287621488,NA,NA,NA
0.0955,1.288931194,NA,NA,NA
0.0958,1.289288387,NA,NA,NA
0.0962,1.289764644,NA,NA,NA
0.0965,1.290121836,NA,NA,NA
0.0969,1.290598093,V,0.3059,1.229981494
0.0976,1.291431542,NA,NA,NA
0.0981,1.292026863,NA,NA,NA
0.099,1.293098441,NA,NA,NA
0.0994,1.293574698,NA,NA,NA
0.0994,1.293574698,NA,NA,NA
0.0999,1.294170019,NA,NA,NA
0.1004,1.29476534,VRTX,0.2211,1.324963836
0.1004,1.29476534,NA,NA,NA
0.100810782,1.295254435,AVT,0.3208,1.205467129
0.1011,1.295561463,TAP,0.0451,1.211031045
0.1015,1.295986096,NA,NA,NA
0.1018,1.296304571,UNP,0.0554,1.229722735
0.1054,1.300126269,SABR,-0.0813,0.90231504
0.1054,1.300126269,TMO,0.0344,1.190277102
0.1055,1.300232427,NA,NA,NA
0.1057,1.300444743,PSTG,0.5684,0.656865447
0.1072,1.302037118,NA,NA,NA
0.1072,1.302037118,NA,NA,NA
0.1097,1.304691074,ZTS,0.0901,1.282281798
0.109785931,1.304782297,AVY,0.2104,1.330733783
0.1105,1.305446749,NA,NA,NA
0.1111,1.306005057,SWK,0.0177,1.155379476
0.1111,1.306005057,NA,NA,NA
0.1121,1.306935571,NA,NA,NA
0.1125,1.307307777,REG,-0.1423,0.729452298
0.1125,1.307307777,WU,0.1306,1.322212291
0.1132,1.307959137,NA,NA,NA
0.1143,1.308982703,TXT,0.0593,1.236340582
0.115,1.309634063,UAL,0.1285,1.320812188
0.1157,1.310285423,NA,NA,NA
0.1157,1.310285423,NA,NA,NA
0.1157,1.310285423,NA,NA,NA
0.11876108,1.313133802,AWK,0.3226,1.202395732
0.1191,1.313404524,NA,NA,NA
0.1192,1.313484402,NA,NA,NA
0.1203,1.31436306,NA,NA,NA
0.1221,1.315800864,TDC,0.1105,1.305446749
0.1224,1.316040498,NA,NA,NA
0.1231,1.316599644,NA,NA,NA
0.1238,1.31715879,NA,NA,NA
0.1246,1.317797814,NA,NA,NA
0.1253,1.31835696,NA,NA,NA
0.1253,1.31835696,NA,NA,NA
0.126,1.318916106,NA,NA,NA
0.1267,1.319475251,QRVO,0.1246,1.317797814
0.127,1.319714885,NA,NA,NA
0.1274,1.320034397,NA,NA,NA
0.127736229,1.32030297,AXP,0.0532,1.225773831
0.1278,1.320345487,NA,NA,NA
0.1278,1.320345487,NA,NA,NA
0.1285,1.320812188,VLO,-0.0884,0.882386264
0.1285,1.320812188,NA,NA,NA
0.1288,1.321012203,NA,NA,NA
0.1299,1.32174559,PM,0.2427,1.308842683
0.1306,1.322212291,NA,NA,NA
0.1306,1.322212291,NA,NA,NA
0.1306,1.322212291,NA,NA,NA
0.132,1.323145692,NA,NA,NA
0.1324,1.323412378,PXD,-0.258,0.417685132
0.1352,1.325279182,SPSC,0.1818,1.338363204
0.136711378,1.326286841,AYX,0.628,0.52659135
0.138,1.326975378,SYK,0.4695,0.889057809
0.1395,1.327776859,TEAM,0.4369,0.965361721
0.1395,1.327776859,ZBRA,0.308,1.226671095
0.1412,1.328685205,REGN,0.0546,1.22828677
0.1421,1.329166093,NA,NA,NA
0.1455,1.330982784,NA,NA,NA
0.145686527,1.331082449,AZO,0.2104,1.330733783
0.1469,1.331569775,TTWO,0.307,1.228280217
0.1473,1.331730414,VNO,0.0784,1.266313983
0.1476,1.331850892,NA,NA,NA
0.1501,1.332854882,PTC,0.4574,0.917566721
0.1512,1.333296638,NA,NA,NA
0.1522,1.333698234,SPG,0.0263,1.173731717
0.1526,1.333858872,NA,NA,NA
0.1533,1.33413999,NA,NA,NA
0.1539,1.334380947,XRAY,0.0326,1.186660109
0.154661675,1.334686833,AZPN,0.7372,0.32553546
0.1565,1.335181001,SYY,0.0362,1.193894095
0.1589,1.335826156,NA,NA,NA
0.1601,1.336148734,NA,NA,NA
0.1615,1.336525074,NA,NA,NA
0.163636824,1.337099484,BA,0.0493,1.218773499
0.1639,1.337135557,NA,NA,NA
0.1643,1.337190385,NA,NA,NA
0.1647,1.337245214,NA,NA,NA
0.1654,1.337341163,UNM,0.3254,1.197602652
0.1668,1.337533061,NA,NA,NA
0.1668,1.337533061,NA,NA,NA
0.1671,1.337574183,NA,NA,NA
0.1671,1.337574183,NA,NA,NA
0.1679,1.337683839,NA,NA,NA
0.1686,1.337779788,NA,NA,NA
0.17,1.337971687,NA,NA,NA
0.1707,1.338067636,NA,NA,NA
0.172611973,1.338329711,BAC,0.1111,1.306005057
0.1732,1.338333613,NA,NA,NA
0.1739,1.338338259,NA,NA,NA
0.1742,1.33834025,NA,NA,NA
0.1746,1.338342905,NA,NA,NA
0.1749,1.338344896,NA,NA,NA
0.1757,1.338350206,NA,NA,NA
0.1767,1.338356843,XLK,0.5529,0.692436412
0.1792,1.338373435,NA,NA,NA
0.1803,1.338380736,NA,NA,NA
0.181587122,1.338389278,BAH,0.3401,1.171042215
0.1818,1.338363204,NA,NA,NA
0.1824,1.338289712,WFC,0.1476,1.331850892
0.1824,1.338289712,NA,NA,NA
0.1828,1.338240718,NA,NA,NA
0.1831,1.338203972,NA,NA,NA
0.1842,1.338069238,NA,NA,NA
0.1843,1.338056989,SAIC,0.319,1.208538527
0.1849,1.337983497,PSX,-0.22,0.515645337
0.1849,1.337983497,NA,NA,NA
0.1849,1.337983497,NA,NA,NA
0.1856,1.337897757,NA,NA,NA
0.1874,1.337677283,NA,NA,NA
0.1874,1.337677283,NA,NA,NA
0.1895,1.337420063,ZION,0.0039,1.124369936
0.190562271,1.33728995,BAX,-0.0401,1.01481628
0.1906,1.337280513,SQ,1.974,0.007645225
0.1906,1.337280513,NA,NA,NA
0.192,1.336930351,NA,NA,NA
0.1923,1.336855316,NA,NA,NA
0.1952,1.33612998,NA,NA,NA
0.1959,1.335954899,NA,NA,NA
0.1973,1.335604737,NA,NA,NA
0.198,1.335429656,NA,NA,NA
0.19953742,1.335045123,BB,0.2067,1.332355393
0.1998,1.334946517,TYL,0.5591,0.678133334
0.2005,1.33468365,NA,NA,NA
0.2016,1.334270572,RCL,0.4148,1.015825056
0.2023,1.334007704,NA,NA,NA
0.203,1.333744837,UAA,0.3133,1.21803859
0.2048,1.333068891,NA,NA,NA
0.2058,1.332693366,NA,NA,NA
0.206,1.332618261,NA,NA,NA
0.2067,1.332355393,SYF,0.5415,0.718895571
0.2072,1.332167631,TENB,0.206,1.332618261
0.208512568,1.331674728,BBY,0.138,1.326975378
0.2094,1.331232315,NA,NA,NA
0.2104,1.330733783,STT,0.1132,1.307959137
0.2104,1.330733783,SVMK,0.4065,1.034372638
0.2108,1.330534371,NA,NA,NA
0.2108,1.330534371,NA,NA,NA
0.2111,1.330384811,NA,NA,NA
0.2119,1.329985986,NA,NA,NA
0.2126,1.329637013,NA,NA,NA
0.2147,1.328590096,V,0.1749,1.338344896
0.215,1.328440537,NA,NA,NA
0.2161,1.327892152,NA,NA,NA
0.2161,1.327892152,NA,NA,NA
0.2168,1.327543179,NA,NA,NA
0.2172,1.327343766,TDG,0.1757,1.338350206
0.2172,1.327343766,NA,NA,NA
0.217487717,1.32720033,BDX,-0.2229,0.50797528
0.2175,1.327192726,NA,NA,NA
0.2175,1.327192726,NA,NA,NA
0.2178,1.327006985,NA,NA,NA
0.2191,1.326202108,ZBH,0.0894,1.281359649
0.2207,1.32521149,NA,NA,NA
0.2211,1.324963836,NA,NA,NA
0.2215,1.324716181,NA,NA,NA
0.2221,1.3243447,PNC,0.0958,1.289288387
0.2221,1.3243447,NA,NA,NA
0.2225,1.324097045,ROL,0.1856,1.337897757
0.2225,1.324097045,NA,NA,NA
0.2229,1.323849391,WK,0.6653,0.45179269
0.2232,1.32366365,NA,NA,NA
0.2232,1.32366365,NA,NA,NA
0.2239,1.323230255,PPG,0.445,0.94657222
0.2243,1.322982601,NA,NA,NA
0.2253,1.322363465,NA,NA,NA
0.2253,1.322363465,NA,NA,NA
0.226,1.321930069,NA,NA,NA
0.226,1.321930069,NA,NA,NA
0.2264,1.321682415,NA,NA,NA
0.2264,1.321682415,NA,NA,NA
0.2264,1.321682415,NA,NA,NA
0.226462866,1.321643492,BEN,0.1565,1.335181001
0.2268,1.321394981,VTR,0.0156,1.150755547
0.2268,1.321394981,NA,NA,NA
0.2275,1.320878989,QCOM,0.5132,0.785445378
0.2277,1.320731563,NA,NA,NA
0.2278,1.32065785,NA,NA,NA
0.2284,1.320215572,NA,NA,NA
0.2285,1.320141858,NA,NA,NA
0.2285,1.320141858,NA,NA,NA
0.2289,1.319847006,NA,NA,NA
0.2296,1.319331015,NA,NA,NA
0.2303,1.318815023,NA,NA,NA
0.2315,1.317930466,PYPL,0.2175,1.327192726
0.2324,1.317267049,NA,NA,NA
0.2328,1.316972196,NA,NA,NA
0.2335,1.316456205,VSAT,0.3674,1.11780727
0.2335,1.316456205,NA,NA,NA
0.235438015,1.315027635,BIIB,0.1011,1.295561463
0.2371,1.313612141,NA,NA,NA
0.2381,1.312760452,VMW,0.1601,1.336148734
0.2395,1.311568087,NA,NA,NA
0.241,1.310290554,URI,0.3769,1.09822226
0.2417,1.309694372,NA,NA,NA
0.2427,1.308842683,NA,NA,NA
0.2441,1.307650318,NA,NA,NA
0.244413164,1.3073836,BK,0.1221,1.315800864
0.2445,1.307300011,XLNX,0.506,0.802503635
0.2473,1.304604721,NA,NA,NA
0.2476,1.30431594,NA,NA,NA
0.2484,1.303545857,SLAB,0.2215,1.324716181
0.2484,1.303545857,NA,NA,NA
0.252,1.300080483,RF,0.362,1.128743978
0.252,1.300080483,SPY,0.2736,1.275729876
0.252,1.300080483,NA,NA,NA
0.253388313,1.298744088,BKI,0.2172,1.327343766
0.2537,1.298410622,NA,NA,NA
0.2544,1.297661709,WAB,0.1742,1.33834025
0.2551,1.296912796,NA,NA,NA
0.2559,1.296056896,TGT,0.7335,0.3314589
0.2559,1.296056896,NA,NA,NA
0.2562,1.295735933,RHI,0.1288,1.321012203
0.2562,1.295735933,NA,NA,NA
0.2562,1.295735933,NA,NA,NA
0.2569,1.29498702,NA,NA,NA
0.2588,1.292954257,NA,NA,NA
0.2608,1.290814506,VMC,0.665,0.452374729
0.2608,1.290814506,NA,NA,NA
0.2615,1.290065593,NA,NA,NA
0.262363462,1.289141797,BKNG,0.1395,1.327776859
0.2625,1.288981569,PVH,0.472,0.88314178
0.2644,1.286751912,TTD,0.2749,1.274074515
0.2662,1.284639605,SNPS,0.2048,1.333068891
0.2665,1.284287554,NA,NA,NA
0.27133861,1.278609426,BKR,-0.285,0.351343482
0.2736,1.275729876,NA,NA,NA
0.2737,1.27560254,NA,NA,NA
0.2749,1.274074515,NA,NA,NA
0.2762,1.272419154,NA,NA,NA
0.2768,1.271655141,NA,NA,NA
0.2786,1.269363103,NA,NA,NA
0.28,1.267580407,NA,NA,NA
0.2803,1.2671984,NA,NA,NA
0.280313759,1.26718088,BL,0.9017,0.128804804
0.2824,1.264325044,NA,NA,NA
0.2825,1.264188155,SHW,0.1707,1.338067636
0.2832,1.263229932,NA,NA,NA
0.2832,1.263229932,NA,NA,NA
0.2867,1.258438815,NA,NA,NA
0.2882,1.256385479,NA,NA,NA
0.2885,1.255974812,NA,NA,NA
0.2892,1.255016588,NA,NA,NA
0.289288908,1.254894883,BLK,0.2072,1.332167631
0.2898,1.2541487,NA,NA,NA
0.2917,1.251374742,PNR,0.3219,1.203590164
0.2917,1.251374742,NA,NA,NA
0.2923,1.250498756,TWLO,1.2567,0.005270997
0.2923,1.250498756,NA,NA,NA
0.2935,1.248746782,NA,NA,NA
0.2938,1.248308789,PS,0.4481,0.939345661
0.2973,1.243198867,NA,NA,NA
0.2981,1.242030885,VAR,0.2786,1.269363103
0.2981,1.242030885,NA,NA,NA
0.298264057,1.241791365,BLKB,0.4766,0.872256287
0.2984,1.241581113,NA,NA,NA
0.3006,1.238178559,NA,NA,NA
0.3009,1.237714574,RPD,0.3426,1.166423336
0.3016,1.236631943,NA,NA,NA
0.3045,1.232146757,VIAV,0.3655,1.121655371
0.3059,1.229981494,NA,NA,NA
0.307,1.228280217,NA,NA,NA
0.307239206,1.227910257,BLL,0.5937,0.600156104
0.308,1.226671095,NA,NA,NA
0.3084,1.226019585,NA,NA,NA
0.3087,1.225530953,NA,NA,NA
0.3098,1.223739301,NA,NA,NA
0.3112,1.221459016,NA,NA,NA
0.3116,1.220807507,QTWO,0.363,1.126718662
0.3123,1.219667364,NA,NA,NA
0.3123,1.219667364,NA,NA,NA
0.3126,1.219178732,NA,NA,NA
0.3133,1.21803859,NA,NA,NA
0.3158,1.213966653,TRV,0.0685,1.251385405
0.316214355,1.213291763,BMY,0.0504,1.220747952
0.3165,1.212804357,VSH,0.489,0.842847581
0.3165,1.212804357,NA,NA,NA
0.3165,1.212804357,NA,NA,NA
0.3169,1.212121824,NA,NA,NA
0.3187,1.209050427,NA,NA,NA
0.319,1.208538527,NA,NA,NA
0.319,1.208538527,NA,NA,NA
0.3194,1.207855994,NA,NA,NA
0.3201,1.206661562,NA,NA,NA
0.3208,1.205467129,STE,0.516,0.778827275
0.3219,1.203590164,NA,NA,NA
0.3221,1.203248898,NA,NA,NA
0.3226,1.202395732,STX,0.2867,1.258438815
0.3227,1.202225099,SBAC,0.0316,1.184650669
0.325189503,1.197977179,BR,0.2559,1.296056896
0.3254,1.197602652,NA,NA,NA
0.3254,1.197602652,NA,NA,NA
0.3268,1.195111691,NA,NA,NA
0.3272,1.194399988,PPL,0.1004,1.29476534
0.3293,1.190663547,NA,NA,NA
0.3332,1.183724441,SRE,0.0859,1.276748902
0.334164652,1.182008076,BR,0.4474,0.940977465
0.3368,1.177139135,NA,NA,NA
0.3401,1.171042215,SWKS,0.2832,1.263229932
0.3403,1.170672705,NA,NA,NA
0.3407,1.169933684,WU,0.2284,1.320215572
0.3426,1.166423336,NA,NA,NA
0.343139801,1.165426025,BRKS,0.7714,0.274262915
0.3463,1.159386097,NA,NA,NA
0.3463,1.159386097,NA,NA,NA
0.3506,1.151167725,NA,NA,NA
0.352,1.148491976,NA,NA,NA
0.35211495,1.148272278,BSX,0.1054,1.300126269
0.3559,1.140813866,SAIL,1.6247,0.002674072
0.3581,1.136478783,NA,NA,NA
0.3598,1.133128946,NA,NA,NA
0.3605,1.131749601,PRGO,-0.0344,1.029802079
0.361090099,1.130586816,BWA,0.0724,1.257482837
0.362,1.128743978,NA,NA,NA
0.363,1.126718662,ZBRA,0.5387,0.725436578
0.363,1.126718662,NA,NA,NA
0.3655,1.121655371,NA,NA,NA
0.3674,1.11780727,NA,NA,NA
0.3676,1.117402206,NA,NA,NA
0.3684,1.115781953,NA,NA,NA
0.370065248,1.1124093,BXP,-0.0075,1.097452964
0.373,1.106317573,NA,NA,NA
0.3769,1.09822226,NA,NA,NA
0.3779,1.096146539,XLNX,0.8849,0.143401492
0.3779,1.096146539,NA,NA,NA
0.3785,1.094901107,NA,NA,NA
0.379040397,1.093779394,C,-0.2232,0.507188971
0.3804,1.090894714,NA,NA,NA
0.3841,1.083044399,NA,NA,NA
0.386,1.079013156,TWTR,0.7193,0.354653253
0.386,1.079013156,NA,NA,NA
0.3861,1.078800986,NA,NA,NA
0.388015545,1.07473676,CACI,-0.0385,1.01902282
0.3889,1.072823373,NA,NA,NA
0.3897,1.071092692,WLTW,0.2417,1.309694372
0.3925,1.065035305,SMTC,0.5989,0.588761246
0.3947,1.060275931,PRSP,-0.3723,0.155306109
0.396990694,1.055320352,CAG,0.3158,1.213966653
0.3978,1.053539092,QLYS,0.2569,1.29498702
0.399,1.050897924,NA,NA,NA
0.3996,1.04957734,NA,NA,NA
0.3996,1.04957734,NA,NA,NA
0.4009,1.046716075,NA,NA,NA
0.4015,1.045395491,NA,NA,NA
0.4028,1.042534226,NA,NA,NA
0.4046,1.038572475,NA,NA,NA
0.4059,1.03571121,NA,NA,NA
0.405965843,1.035566291,CAH,-0.0334,1.032408434
0.4065,1.034372638,NA,NA,NA
0.4065,1.034372638,NA,NA,NA
0.4065,1.034372638,NA,NA,NA
0.4071,1.033031849,NA,NA,NA
0.4109,1.024540185,NA,NA,NA
0.4145,1.01649545,PYPL,0.3804,1.090894714
0.4148,1.015825056,NA,NA,NA
0.414940992,1.015509988,CAT,0.0479,1.21626056
0.4214,1.000884351,NA,NA,NA
0.4232,0.99680847,WDC,0.1072,1.302037118
0.4237,0.995676281,VRNS,0.0267,1.174575191
0.423916141,0.995186856,CB,-0.0809,0.903437067
0.4251,0.992475548,NA,NA,NA
0.4276,0.986749977,NA,NA,NA
0.4294,0.982627566,TXN,0.2615,1.290065593
0.4313,0.978276132,NA,NA,NA
0.43289129,0.974631715,CBOE,-0.1309,0.761790639
0.4365,0.966286706,NA,NA,NA
0.4369,0.965361721,NA,NA,NA
0.4386,0.961430533,PWR,0.0614,1.239871291
0.44,0.958193085,NA,NA,NA
0.4412,0.955418129,ROP,0.2264,1.321682415
0.4418,0.954030652,NA,NA,NA
0.441866438,0.953877015,CBRE,0.2644,1.286751912
0.4425,0.95240009,NA,NA,NA
0.4436,0.949835827,NA,NA,NA
0.445,0.94657222,NA,NA,NA
0.4457,0.944940416,RP,-0.1458,0.719558068
0.4474,0.940977465,TIF,-0.1164,0.803024262
0.4481,0.939345661,RJF,0.0578,1.233818647
0.4481,0.939345661,NA,NA,NA
0.450841587,0.932954615,CCI,0.0869,1.278066258
0.4517,0.930940536,RAMP,0.3841,1.083044399
0.4574,0.917566721,NA,NA,NA
0.4574,0.917566721,NA,NA,NA
0.4574,0.917566721,NA,NA,NA
0.4574,0.917566721,NA,NA,NA
0.4588,0.914281925,NA,NA,NA
0.4596,0.912404898,VRSN,0.2296,1.319331015
0.459816736,0.911896374,CCL,0.1469,1.331569775
0.4656,0.898259777,NA,NA,NA
0.466,0.897316601,NA,NA,NA
0.468791885,0.8907335,CCMP,0.2923,1.250498756
0.4695,0.889057809,NA,NA,NA
0.472,0.88314178,NA,NA,NA
0.4727,0.881485292,NA,NA,NA
0.4735,0.879592163,WELL,0.1639,1.337135557
0.4745,0.877225751,NA,NA,NA
0.4766,0.872256287,TER,0.5616,0.672410904
0.4766,0.872256287,NA,NA,NA
0.477767034,0.869494605,CDAY,0.502,0.811991017
0.4794,0.865621591,NA,NA,NA
0.486742183,0.848207651,CDK,0.386,1.079013156
0.489,0.842847581,NA,NA,NA
0.4904,0.839523974,RMD,0.0994,1.293574698
0.4926,0.834301162,NA,NA,NA
0.494,0.830977554,SIVB,0.5053,0.804162077
0.4952,0.828128748,NA,NA,NA
0.4952,0.828128748,NA,NA,NA
0.495717332,0.8269006,CDNS,0.4294,0.982627566
0.4983,0.820771595,NA,NA,NA
0.4996,0.817686527,NA,NA,NA
0.5014,0.813414895,NA,NA,NA
0.502,0.811991017,TWOU,0.2762,1.272419154
0.5039,0.807482072,NA,NA,NA
0.50469248,0.805601414,CDNS,0.7509,0.304335768
0.5053,0.804162077,NA,NA,NA
0.506,0.802503635,NA,NA,NA
0.5082,0.79729139,PRU,0.0085,1.134899297
0.5101,0.792789905,PNW,0.2917,1.251374742
0.5132,0.785445378,NA,NA,NA
0.513667629,0.784337469,CDW,0.1143,1.308982703
0.5138,0.784024745,PSA,0.2243,1.322982601
0.5145,0.782371005,NA,NA,NA
0.516,0.778827275,NA,NA,NA
0.5169,0.776701038,NA,NA,NA
0.5213,0.766306098,NA,NA,NA
0.522642778,0.763133803,CDW,0.1998,1.334946517
0.5227,0.762999157,RL,0.0873,1.278593201
0.5259,0.755469411,NA,NA,NA
0.5262,0.754763497,RSG,0.1015,1.295986096
0.531617927,0.742014867,CE,0.61,0.564682966
0.5318,0.741588656,NA,NA,NA
0.5383,0.72637293,XEL,0.1157,1.310285423
0.5387,0.725436578,NA,NA,NA
0.540593076,0.721005113,CERN,0.203,1.333744837
0.5412,0.719593383,WHR,0.8123,0.220305775
0.5415,0.718895571,NA,NA,NA
0.5418,0.718197758,NA,NA,NA
0.5422,0.717267342,NA,NA,NA
0.549568225,0.700128553,CF,0.115,1.309634063
0.5498,0.699593448,ZEN,0.8899,0.138914446
0.5529,0.692436412,NA,NA,NA
0.5542,0.689435075,SPGI,0.3016,1.236631943
0.558543373,0.679407436,CFG,0.027,1.175207797
0.5591,0.678133334,NA,NA,NA
0.5616,0.672410904,NA,NA,NA
0.5622,0.671037521,QRVO,0.2178,1.327006985
0.5635,0.668061858,ROST,0.1157,1.310285423
0.5635,0.668061858,NA,NA,NA
0.5646,0.665543989,NA,NA,NA
0.566,0.662339428,NA,NA,NA
0.567518522,0.658863574,CGNX,0.8793,0.148514458
0.5678,0.658225522,NA,NA,NA
0.5684,0.656865447,NA,NA,NA
0.5703,0.652558542,NA,NA,NA
0.576493671,0.638518776,CHD,0.0458,1.212364156
0.5765,0.638504585,NA,NA,NA
0.579,0.632898921,NA,NA,NA
0.5806,0.629311296,NA,NA,NA
0.5816,0.627069031,UNH,0.3126,1.219178732
0.58546882,0.61839411,CHKP,0.0738,1.259671659
0.5937,0.600156104,TFC,0.2172,1.327343766
0.594443969,0.598507676,CHRW,0.5816,0.627069031
0.5948,0.597728949,WBA,-0.0894,0.879563723
0.5958,0.595541704,NA,NA,NA
0.5989,0.588761246,NA,NA,NA
0.6033,0.579137371,SLB,-0.2328,0.482075142
0.603419118,0.578876831,CHTR,0.1654,1.337341163
0.6088,0.567271166,NA,NA,NA
0.61,0.564682966,SO,0.2803,1.2671984
0.61,0.564682966,UA,0.2108,1.330534371
0.6104,0.563820233,VZ,0.2094,1.331232315
0.612394267,0.559518933,CI,0.1018,1.296304571
0.6156,0.552708391,NA,NA,NA
0.62,0.543360645,NA,NA,NA
0.621369415,0.540451339,CIEN,-0.4077,0.08285157
0.628,0.52659135,STZ,0.0405,1.202270598
0.6299,0.522619758,NA,NA,NA
0.630344564,0.52169048,CINF,0.241,1.310290554
0.639319713,0.503249087,CL,0.0724,1.257482837
0.6479,0.485935719,NA,NA,NA
0.648294862,0.485138963,CLDR,0.2147,1.328590096
0.6522,0.477408419,NA,NA,NA
0.657270011,0.467371913,CLX,0.0969,1.290598093
0.665,0.452374729,NA,NA,NA
0.6653,0.45179269,NA,NA,NA
0.66624516,0.449958957,CMA,0.2981,1.242030885
0.6721,0.438835946,NA,NA,NA
0.675220308,0.432907992,CMCSA,0.0245,1.16993608
0.6801,0.423838243,NA,NA,NA
0.684195457,0.416226128,CME,-0.0589,0.964322705
0.6864,0.412221014,SNA,0.1274,1.320034397
0.693170606,0.39992048,CMG,0.3045,1.232146757
0.6957,0.395432986,NA,NA,NA
0.702145755,0.383997328,CMI,0.1285,1.320812188
0.711120904,0.36845963,CMS,0.2608,1.290814506
0.7174,0.357860468,NA,NA,NA
0.7193,0.354653253,NA,NA,NA
0.720096053,0.35330951,CNC,0.2381,1.312760452
0.7239,0.347053587,NA,NA,NA
0.7248,0.345573459,QCOM,0.2935,1.248746782
0.729071201,0.338549096,CNP,0.1473,1.331730414
0.7335,0.3314589,NA,NA,NA
0.7372,0.32553546,SWCH,0.2277,1.320731563
0.73804635,0.324180512,COF,0.4237,0.995676281
0.7395,0.321917034,NA,NA,NA
0.7397,0.321605615,SSNC,0.579,0.632898921
0.747021499,0.31020531,COG,0.0358,1.193090319
0.7509,0.304335768,TXN,0.4574,0.917566721
0.7513,0.303730427,NA,NA,NA
0.755996648,0.29662274,COHR,0.0391,1.199604375
0.758,0.293678305,WYNN,-0.1714,0.647712459
0.7633,0.285888608,NA,NA,NA
0.764971797,0.283431478,COO,0.4596,0.912404898
0.7714,0.274262915,TJX,0.0955,1.288931194
0.7726,0.272551352,NA,NA,NA
0.773946946,0.270630199,COP,-0.1948,0.583264536
0.7794,0.263088467,NA,NA,NA
0.782922095,0.258217307,COST,0.1004,1.29476534
0.791897243,0.246190113,COTY,0.2335,1.316456205
0.7974,0.239050774,NA,NA,NA
0.7999,0.235807246,NA,NA,NA
0.800872392,0.234545653,COUP,0.3165,1.212804357
0.8024,0.232628357,NA,NA,NA
0.8067,0.227231439,NA,NA,NA
0.809847541,0.223280968,CPB,0.2268,1.321394981
0.8123,0.220305775,NA,NA,NA
0.81882269,0.212392794,CPRI,0.6104,0.563820233
0.827797839,0.201876664,CPRT,0.2544,1.297661709
0.8347,0.194071889,NA,NA,NA
0.836772988,0.191727811,CREE,0.8589,0.168289276
0.845748136,0.181941467,CRM,0.5948,0.597728949
0.854723285,0.172512864,CRM,1.0401,0.046763527
0.8589,0.168289276,WAT,0.2232,1.32366365
0.863698434,0.16343699,CRUS,0.4232,0.99680847
0.872673583,0.154707852,CSCO,-0.391,0.116597019
0.8793,0.148514458,UHS,0.2885,1.255974812
0.881648732,0.146319211,CSCO,-0.2236,0.50614056
0.8849,0.143401492,NA,NA,NA
0.8899,0.138914446,NA,NA,NA
0.890623881,0.138264829,CSOD,0.4735,0.879592163
0.89959903,0.130538338,CSX,0.0458,1.212364156
0.9017,0.128804804,TEL,0.0192,1.158682282
0.908574178,0.123132845,CTAS,0.1824,1.338289712
0.917549327,0.116041329,CTSH,0.5412,0.719593383
0.926524476,0.109256766,CTSH,0.9464,0.095312398
0.929,0.107468149,NA,NA,NA
0.929,0.107468149,NA,NA,NA
0.935499625,0.102772036,CTXS,0.2229,1.323849391
0.944474774,0.096579633,CTXS,0.3897,1.071092692
0.9464,0.095312398,WIX,0.0714,1.255919393
0.953449923,0.090671951,CVS,-0.1285,0.76861275
0.962425071,0.085041387,CVX,-0.1994,0.570795527
0.9662,0.082786541,NA,NA,NA
0.97140022,0.079680337,CXO,-0.1611,0.676471109
0.980375369,0.074581151,CYBR,0.0683,1.251072716
0.9848,0.072192556,NA,NA,NA
0.989350518,0.069736002,D,0.0053,1.127574524
0.998325667,0.065137019,DAL,0.1125,1.307307777
1.007300816,0.060776328,DBX,0.3407,1.169933684
1.016275965,0.056646053,DD,0.0507,1.221286439
1.025251113,0.052738302,DE,0.758,0.293678305
1.034226262,0.049045179,DFS,0.5383,0.72637293
1.0401,0.046763527,WDAY,0.929,0.107468149
1.043201411,0.045558785,DG,0.1767,1.338356843
1.05217656,0.042271271,DGX,0.2445,1.307300011
1.061151709,0.039174974,DHI,0.3779,1.096146539
1.0655,0.037763827,NA,NA,NA
1.070126858,0.036262277,DHR,0.0078,1.133297003
1.0717,0.035782592,NA,NA,NA
1.079102006,0.033525563,DIOD,0.1539,1.334380947
1.0813,0.03289658,NA,NA,NA
1.088077155,0.030957216,DIS,0.0923,1.28512114
1.097052304,0.028549709,DISCA,0.0326,1.186660109
1.106027453,0.026295872,DISCK,0.0848,1.27529981
1.115002602,0.024188625,DISH,-0.0135,1.082783438
1.123977751,0.022220886,DLB,0.2191,1.326202108
1.1329529,0.020385658,DLR,0.1395,1.327776859
1.141928048,0.018676271,DLTR,0.363,1.126718662
1.1476,0.01767137,NA,NA,NA
1.150903197,0.017086141,DOCU,0.5498,0.699593448
1.159878346,0.01560868,DOV,0.1895,1.337420063
1.168853495,0.014237446,DOX,-0.0329,1.033695685
1.177828644,0.012966569,DRE,0.1097,1.304691074
1.186803793,0.011790321,DRI,0.7239,0.347053587
1.195778941,0.010702976,DSGX,0.4996,0.817686527
1.1996,0.010275463,NA,NA,NA
1.20475409,0.009698807,DTE,0.252,1.300080483
1.2076,0.009405015,NA,NA,NA
1.213729239,0.008772277,DUK,0.3268,1.195111691
1.222704388,0.007918609,DVA,0.2168,1.327543179
1.231679537,0.007133219,DVN,0.0319,1.185253501
1.240654686,0.006411519,DXC,0.4588,0.914281925
1.2461,0.006009616,NA,NA,NA
1.249629834,0.00574909,DXC,0.8024,0.232628357
1.2567,0.005270997,NA,NA,NA
1.258604983,0.005142179,EA,0.2264,1.321682415
1.267580132,0.004587203,EBAY,0.0937,1.286788039
1.276555281,0.004080575,ECL,0.0131,1.14525087
1.2802,0.003893089,NA,NA,NA
1.28553043,0.00361889,ED,0.2221,1.3243447
1.294505579,0.003199464,EEFT,-0.278,0.368299908
1.303480728,0.002819791,EFX,0.0273,1.175840404
1.312455876,0.002477368,EIX,0.0646,1.245251418
1.321431025,0.002169688,EL,0.2119,1.329985986
1.330406174,0.001894378,EMN,0.566,0.662339428
1.339381323,0.001649574,EMR,0.226,1.321930069
1.348356472,0.001433544,ENPH,1.2076,0.009405015
1.357331621,0.001244557,ENTG,0.4009,1.046716075
1.366306769,0.001080942,ENV,0.4276,0.986749977
1.375281918,0.000941287,EOG,-0.2221,0.510077961
1.3814,0.000861503,NA,NA,NA
1.384257067,0.000824244,EPAM,0.4983,0.820771595
1.393232216,0.000728465,EQIX,0.1686,1.337779788
1.402207365,0.000652658,EQR,0.1121,1.306935571
1.411182514,0.000595773,ES,0.0908,1.283203948
1.420157663,0.000556815,ESS,0.0071,1.131694709
1.429132811,0.00053479,ETN,0.3403,1.170672705
1.43810796,0.000528706,ETR,0.2161,1.327892152
1.447083109,0.000537602,EVBG,0.0248,1.170568686
1.456058258,0.000560653,EVRG,-0.2257,0.500636398
1.465033407,0.00059707,EVTC,0.9662,0.082786541
1.474008556,0.000646062,EW,0.1253,1.31835696
1.482983704,0.000706847,EXC,0.2371,1.313612141
1.491958853,0.000778678,EXLS,0.4251,0.992475548
1.500934002,0.000860818,EXPD,0.0064,1.130092414
1.509909151,0.000952528,EXPE,0.2882,1.256385479
1.5188843,0.001053079,EXR,0.2175,1.327192726
1.527859449,0.001161771,FANG,-0.208,0.547612122
1.536834598,0.001277913,FAST,0.3201,1.206661562
1.545809746,0.001400813,FB,0.2161,1.327892152
1.554784895,0.001529778,FBHS,0.2126,1.329637013
1.563760044,0.001664134,FCX,0.0238,1.168459999
1.572735193,0.00180327,FDX,1.1476,0.01767137
1.581710342,0.001946594,FE,-0.0713,0.930197845
1.590685491,0.002093512,FFIV,0.2285,1.320141858
1.599660639,0.002243457,FFIV,0.3996,1.04957734
1.608635788,0.002395965,FICO,0.09,1.282150063
1.617610937,0.0025506,FIS,0.0337,1.188870494
1.6247,0.002674072,NA,NA,NA
1.626586086,0.002706923,FIS,0.059,1.235836195
1.635561235,0.002864533,FISV,0.0813,1.270494987
1.644536384,0.003023171,FISV,0.1421,1.329166093
1.653511533,0.003182616,FITB,0.4794,0.865621591
1.662486681,0.003342644,FIVN,0.0999,1.294170019
1.67146183,0.003503033,FLEX,0.0099,1.138103885
1.680436979,0.003663581,FLIR,-0.1285,0.76861275
1.689412128,0.003824168,FLIR,-0.0735,0.924076656
1.698387277,0.003984695,FLS,0.1455,1.330982784
1.707362426,0.004145061,FLT,0.0298,1.181033676
1.716337574,0.004305164,FLT,0.0521,1.223799378
1.725312723,0.004464889,FMC,0.1512,1.333296638
1.734287872,0.004624117,FN,0.4059,1.03571121
1.743263021,0.004782731,FRT,0.2232,1.32366365
1.75223817,0.004940592,FSLR,0.7974,0.239050774
1.761213319,0.005097487,FTI,0.2537,1.298410622
1.770188467,0.00525318,FTNT,0.2324,1.317267049
1.779163616,0.005407439,FTNT,0.4065,1.034372638
1.788138765,0.00556003,FTV,0.226,1.321930069
1.797113914,0.005710692,G,0.4065,1.034372638
1.806089063,0.005859066,GD,-0.0848,0.892497307
1.815064212,0.006004764,GDDY,0.3785,1.094901107
1.824039361,0.0061474,GE,0.2264,1.321682415
1.833014509,0.006286568,GIB,0.0074,1.132381406
1.841989658,0.00642179,GILD,-0.2143,0.530756785
1.850964807,0.006552568,GIS,0.2335,1.316456205
1.859939956,0.006678406,GL,0.0529,1.225235343
1.868915105,0.006798802,GLOB,0.5318,0.741588656
1.877890254,0.00691325,GLW,0.0337,1.188870494
1.886865402,0.00702124,GLW,0.059,1.235836195
1.895840551,0.00712226,GM,0.4926,0.834301162
1.9048157,0.007215802,GOOG,0.1671,1.337574183
1.913790849,0.007301385,GOOGL,0.2058,1.332693366
1.922765998,0.007378644,GPC,0.0394,1.200175708
1.931741147,0.007447248,GPN,0.0096,1.137417187
1.9337,0.007460259,SNPS,0.3581,1.136478783
1.940716296,0.007506862,GPN,0.0168,1.153397792
1.949691444,0.007557197,GPS,1.0813,0.03289658
1.958666593,0.007598146,GRMN,0.2484,1.303545857
1.967641742,0.007629647,GS,0.0586,1.235163679
1.974,0.007645225,NA,NA,NA
1.976616891,0.007651636,GWRE,0.1849,1.337983497
1.98559204,0.007664099,GWW,0.2562,1.295735933
1.994567189,0.007667209,HAL,-0.2452,0.450125056
2.003542337,0.007661186,HAS,0.3123,1.219667364
2.012517486,0.007646251,HBAN,0.1959,1.335954899
2.021492635,0.007622623,HBI,0.2892,1.255016588
2.030467784,0.007590543,HCA,0.2253,1.322363465
2.039442933,0.007550317,HD,0.0774,1.264872258
2.048418082,0.007502273,HES,-0.1033,0.840247445
2.057393231,0.007446737,HFC,-0.2331,0.481298253
2.066368379,0.007384025,HIG,-0.1132,0.812124481
2.075343528,0.007314413,HII,0.094,1.287145231
2.084318677,0.007238167,HLT,0.3112,1.221459016
2.093293826,0.007155553,HOG,0.3676,1.117402206
2.102268975,0.007066824,HOLX,0.1615,1.336525074
2.111244124,0.00697219,HON,0.1668,1.337533061
2.120219272,0.006871847,HPE,0.2665,1.284287554
2.129194421,0.006765992,HPE,0.466,0.897316601
2.13816957,0.006654822,HPQ,0.3098,1.223739301
2.147144719,0.006538538,HPQ,0.5418,0.718197758
2.156119868,0.006417353,HRB,0.5213,0.766306098
2.165095017,0.006291487,HRL,0.0649,1.245755805
2.174070166,0.006161158,HSIC,-0.0014,1.111955863
2.1794,0.006081251,NA,NA,NA
2.183045314,0.0060266,HST,0.1224,1.316040498
2.192020463,0.00588811,HSY,0.1192,1.313484402
2.200995612,0.005746006,HUBS,0.8347,0.194071889
2.209970761,0.005600599,HUM,0.3123,1.219667364
2.21894591,0.00545222,IBM,0.2285,1.320141858
2.227921059,0.00530125,IBM,0.3996,1.04957734
2.236896207,0.005148083,ICE,0.1828,1.338240718
2.245871356,0.004993116,IDXX,0.3368,1.177139135
2.254846505,0.004836743,IEX,0.3084,1.226019585
2.263821654,0.004679359,IFF,-0.0635,0.951721112
2.272796803,0.004521348,IIVI,0.5765,0.638504585
2.281771952,0.004363094,ILMN,0.2441,1.307650318
2.2907471,0.004204983,INCY,0.0976,1.291431542
2.299722249,0.004047384,INFO,0.132,1.323145692
2.308697398,0.003890624,INTC,0.0344,1.190277102
2.317672547,0.003735016,INTC,0.0602,1.237853743
2.326647696,0.003580874,INTU,0.17,1.337971687
2.335622845,0.003428494,INTU,0.2973,1.243198867
2.344597994,0.003278106,IP,0.5259,0.755469411
2.353573142,0.003129924,IPG,0.2111,1.330384811
2.362548291,0.002984162,IPGP,0.2005,1.33468365
2.37152344,0.002841033,IPGP,0.3506,1.151167725
2.380498589,0.002700735,IPHI,0.4046,1.038572475
2.389473738,0.002563405,IQV,0.1526,1.333858872
2.398448887,0.002429167,IR,0.5635,0.668061858
2.407424035,0.002298141,IRM,0.1792,1.338373435
2.416399184,0.002170441,ISRG,0.0905,1.282808741
2.425374333,0.002046141,IT,0.198,1.335429656
2.434349482,0.001925309,IT,0.3463,1.159386097
2.443324631,0.001808009,ITRI,0.1055,1.300232427
2.45229978,0.001694299,ITW,0.1746,1.338342905
2.461274929,0.001584198,IVZ,0.4656,0.898259777
2.470250077,0.001477713,J,0.127,1.319714885
2.479225226,0.001374854,JBHT,0.0483,1.216978542
2.488200375,0.00127563,JBL,0.1278,1.320345487
2.497175524,0.001180044,JCI,0.3006,1.238178559
2.506150673,0.001088069,JCOM,0.2824,1.264325044
2.515125822,0.000999672,JKHY,0.0145,1.148333489
2.52410097,0.00091482,JKHY,0.0254,1.171833898
2.533076119,0.000833477,JNJ,0.2289,1.319847006
2.542051268,0.000755591,JNPR,-0.005,1.103423685
2.551026417,0.000681108,JNPR,-0.0028,1.108637793
2.560001566,0.000609971,JPM,0.0536,1.226491813
2.568976715,0.000542123,JWN,0.0852,1.275826753
2.577951864,0.000477493,K,0.0515,1.222722404
2.586927012,0.000416006,KBR,0.4425,0.95240009
2.595902161,0.000357588,KEY,0.1923,1.336855316
2.60487731,0.000302165,KEYS,0.352,1.148491976
2.613852459,0.00024966,KEYS,0.6156,0.552708391
2.622827608,0.000199992,KHC,-0.1061,0.83230585
2.631802757,0.000153076,KIM,0.0195,1.159342843
2.640777905,0.000108827,KLAC,0.373,1.106317573
2.649753054,6.72E-05,KLAC,0.6522,0.477408419
2.658728203,2.80E-05,KMB,0.2303,1.318815023
2.667703352,0,KMI,-0.0195,1.067866113
2.676678501,0,KMX,0.2562,1.295735933
2.68565365,0,KO,0.1952,1.33612998
2.694628799,0,KR,0.1849,1.337983497
2.703603947,0,KSS,0.1973,1.335604737
2.712579096,0,KSU,0.2278,1.32065785
2.721554245,0,L,0.0206,1.1617122
2.730529394,0,LB,1.0717,0.035782592
2.739504543,0,LDOS,0.1157,1.310285423
2.748479692,0,LDOS,0.2023,1.334007704
2.75745484,0,LEG,0.3779,1.096146539
2.766429989,0,LEN,0.7395,0.321917034
2.775405138,0,LFUS,0.1874,1.337677283
2.784380287,0,LH,0.0657,1.247007761
2.793355436,0,LHX,-0.1157,0.805015675
2.802330585,0,LIN,0.0518,1.223260891
2.811305733,0,LITE,0.4214,1.000884351
2.820280882,0,LKQ,0.1306,1.322212291
2.829256031,0,LLY,0.0128,1.144590309
2.83823118,0,LMT,0.0241,1.169092605
2.847206329,0,LNC,0.0263,1.173731717
2.856181478,0,LNT,0.0256,1.172255636
2.865156627,0,LOGI,0.7174,0.357860468
2.874131775,0,LOW,0.099,1.293098441
2.883106924,0,LPSN,1.2461,0.006009616
2.892082073,0,LRCX,0.2832,1.263229932
2.901057222,0,LRCX,0.4952,0.828128748
2.910032371,0,LSCC,0.0484,1.217158038
2.91900752,0,LUV,0.0965,1.290121836
2.927982668,0,LVS,-0.0433,1.006378867
2.936957817,0,LW,0.0994,1.293574698
2.945932966,0,LYB,0.5806,0.629311296
2.954908115,0,LYV,0.3463,1.159386097
2.963883264,0,M,-0.0578,0.967312955
2.972858413,0,MA,0.1671,1.337574183
2.981833562,0,MA,0.2923,1.250498756
2.99080871,0,MAA,0.2559,1.296056896
2.999783859,0,MANH,0.929,0.107468149
3.008759008,0,MANT,0.2476,1.30431594
3.017734157,0,MAR,0.0195,1.159342843
3.026709306,0,MAS,0.215,1.328440537
3.035684455,0,MCD,0.2608,1.290814506
3.044659603,0,MCHP,0.0908,1.283203948
3.053634752,0,MCHP,0.1589,1.335826156
3.062609901,0,MCK,0.2268,1.321394981
3.07158505,0,MCO,0.1203,1.31436306
3.080560199,0,MDB,0.7726,0.272551352
3.089535348,0,MDLZ,0.1831,1.338203972
3.098510497,0,MDT,0.28,1.267580407
3.107485645,0,MET,0.0784,1.266313983
3.116460794,0,MGM,0.1238,1.31715879
3.125435943,0,MHK,0.2768,1.271655141
3.134411092,0,MIME,0.2737,1.27560254
3.143386241,0,MKC,0.3087,1.225530953
3.15236139,0,MKSI,0.5169,0.776701038
3.161336538,0,MKTX,0.1679,1.337683839
3.170311687,0,MLM,0.5958,0.595541704
3.179286836,0,MMC,0.1732,1.338333613
3.188261985,0,MMM,0.192,1.336930351
3.197237134,0,MMS,-0.3332,0.239783879
3.206212283,0,MNST,0.1278,1.320345487
3.215187432,0,MO,-0.1735,0.641877408
3.22416258,0,MOS,0.2984,1.241581113
3.233137729,0,MPC,-0.0025,1.109348808
3.242112878,0,MPWR,0.2588,1.292954257
3.251088027,0,MRK,-0.1128,0.81326146
3.260063176,0,MRO,-0.2665,0.396509623
3.269038325,0,MRVL,1.2802,0.003893089
3.278013473,0,MS,0.2225,1.324097045
3.286988622,0,MSCI,0.1906,1.337280513
3.295963771,0,MSFT,0.2328,1.316972196
3.30493892,0,MSFT,0.4071,1.033031849
3.313914069,0,MSI,0.0877,1.279120143
3.322889218,4.87E-06,MSI,0.1533,1.33413999
3.331864366,2.91E-05,MTB,0.0376,1.196707312
3.340839515,5.47E-05,MTD,0.0323,1.186057277
3.349814664,8.15E-05,MTSI,0.5145,0.782371005
3.358789813,0.000109747,MU,0.0341,1.18967427
3.367764962,0.000139393,MU,0.0596,1.236844969
3.376740111,0.000170506,MXIM,0.0522,1.223978874
3.38571526,0.000203132,MXIM,0.0912,1.28373089
3.394690408,0.000237313,MYL,0.0926,1.285478333
3.403665557,0.000273091,NATI,0.399,1.050897924
3.412640706,0.000310507,NCLH,0.3861,1.078800986
3.421615855,0.000349604,NCR,0.7794,0.263088467
3.430591004,0.000390422,NDAQ,0.2108,1.330534371
3.439566153,0.000432991,NEE,0.0962,1.289764644
3.448541301,0.000477345,NEM,0.0358,1.193090319
3.45751645,0.000523512,NEWR,0.1824,1.338289712
3.466491599,0.000571522,NFLX,0.3187,1.209050427
3.475466748,0.000621395,NI,0.0213,1.163188281
3.484441897,0.000673148,NKE,0.7513,0.303730427
3.493417046,0.000726801,NLOK,0.0135,1.146131618
3.502392195,0.000782366,NLOK,0.0236,1.168038261
3.511367343,0.000839842,NLSN,-0.0649,0.947866148
3.520342492,0.000899223,NOC,-0.138,0.74164168
3.529317641,0.000960503,NOV,-0.2349,0.476636923
3.53829279,0.001023676,NOVT,0.2898,1.2541487
3.547267939,0.001088731,NOW,0.4574,0.917566721
3.556243088,0.001155635,NOW,0.7999,0.235807246
3.565218236,0.00122435,NRG,0.0671,1.249196583
3.574193385,0.001294838,NSC,0.0273,1.175840404
3.583168534,0.001367054,NTAP,0.2207,1.32521149
3.592143683,0.001440935,NTAP,0.386,1.079013156
3.601118832,0.001516412,NTNX,0.4766,0.872256287
3.610093981,0.001593413,NTRS,0.2395,1.311568087
3.61906913,0.001671861,NUAN,1.3814,0.000861503
3.628044278,0.001751642,NUE,0.3169,1.212121824
3.637019427,0.001832635,NVDA,0.0561,1.230960454
3.645994576,0.001914719,NVDA,0.0981,1.292026863
3.654969725,0.00199777,NVR,0.1231,1.316599644
3.663944874,0.002081658,NWL,0.4109,1.024540185
3.672920023,0.002166212,NWS,0.3194,1.207855994
3.681895171,0.00225125,NWSA,0.3254,1.197602652
3.69087032,0.002336592,NXPI,0.4313,0.978276132
3.699845469,0.002422048,O,0.0621,1.241048193
3.708820618,0.002507397,ODFL,0.3165,1.212804357
3.717795767,0.002592409,OKE,0.2473,1.304604721
3.726770916,0.002676855,OKTA,0.0571,1.232641744
3.735746064,0.002760503,OLED,0.0925,1.285359269
3.744721213,0.00284311,OMC,0.0032,1.122767641
3.753696362,0.002924428,ON,1.1996,0.010275463
3.762671511,0.003004211,ORCL,0.3889,1.072823373
3.77164666,0.003082214,ORCL,0.6801,0.423838243
3.780621809,0.003158201,ORLY,0.0816,1.270927505
3.789596958,0.003231989,OTEX,0.1191,1.313404524
3.798572106,0.003303406,OXY,-0.033,1.033438235
3.807547255,0.003372279,PAGS,0.62,0.543360645
3.816522404,0.003438461,PANW,0.5678,0.658225522
3.825497553,0.0035019,PAYC,0.0018,1.119540021
3.8314,0.003541799,SNX,1.0655,0.037763827
3.834472702,0.00356257,PAYC,0.0031,1.122538742
3.843447851,0.003620442,PAYX,0.4365,0.966286706
3.852422999,0.003675519,PAYX,0.7633,0.285888608
3.861398148,0.003727922,PBCT,0.0082,1.134212599
3.870373297,0.003777802,PCAR,0.3598,1.133128946
3.879348446,0.003825311,PCTY,0.9848,0.072192556
3.888323595,0.003870599,PEAK,0.022,1.164664362
3.897298744,0.00391383,PEG,0.4418,0.954030652
3.906273893,0.003955223,PEGA,0.0503,1.220568456
0,0.003995007,PEP,0.0546,1.22828677
3.92422419,0.004033414,PFE,0.0848,1.27529981
3.933199339,0.004070667,PFG,4.00E-04,1.116221952
3.942174488,0.004106966,PFPT,0.0211,1.162766544
3.951149637,0.004142503,PG,0.1643,1.337190385
3.960124786,0.004177469,PGR,0.1803,1.338380736
3.969099934,0.00421204,PH,0.0405,1.202270598
3.978075083,0.00424632,PHM,0.4745,0.877225751
3.987050232,0.004280398,PKG,0.44,0.958193085
3.996025381,0.004314362,PKI,0.083,1.272928569
4.00500053,0.004348299,PLD,0.0149,1.149214237
